GeoName,Year,All industry total,Personal income (thousands of dollars),Population (persons) 3/,Total employment,Wages and salaries
"Adams, IN",2010,0.011769621,0.020184287,0.031550827,0.02418583,0.013207965
"Allen, IN",2010,0.188604976,0.322695572,0.389373501,0.320691209,0.25371683
"Bartholomew, IN",2010,0.062878551,0.071691395,0.078648423,0.071662264,0.066275948
"Benton, IN",2010,0.002263287,0.002048843,0.003088659,0.002693041,0.001415337
"Blackford, IN",2010,0.001750753,0.00462814,0.007446827,0.004041769,0.002463492
"Boone, IN",2010,0.022118246,0.07259287,0.056605012,0.041697219,0.026643108
"Brown, IN",2010,0.001246372,0.008230661,0.010161643,0.004941413,0.001196648
"Carroll, IN",2010,0.005426933,0.011928771,0.015705874,0.008098263,0.004284073
"Cass, IN",2010,0.012828539,0.025288566,0.036616628,0.02473504,0.015977775
"Clark, IN",2010,0.050329436,0.095205007,0.116306471,0.085860728,0.060772355
"Clay, IN",2010,0.00593192,0.015758743,0.023122661,0.011573154,0.005937919
"Clinton, IN",2010,0.012174549,0.020701381,0.03021901,0.01836097,0.012560915
"Crawford, IN",2010,0.000398962,0.001721146,0.005143685,0.001999535,0.000396228
"Daviess, IN",2010,0.01020186,0.021017583,0.028520025,0.020361978,0.010913804
"DeKalb, IN",2010,0.021836964,0.029942599,0.040322796,0.032145686,0.025121198
"Dearborn, IN",2010,0.016365235,0.041806171,0.048976826,0.02693335,0.01818136
"Decatur, IN",2010,0.011503608,0.017158232,0.021925472,0.018228453,0.013666566
"Delaware, IN",2010,0.043762726,0.082345647,0.12410489,0.081855768,0.055210142
"Dubois, IN",2010,0.024114749,0.039144857,0.039882195,0.044795173,0.033038645
"Elkhart, IN",2010,0.116628861,0.154918346,0.212941658,0.183553753,0.142721899
"Fayette, IN",2010,0.005056664,0.013524602,0.020305483,0.010040374,0.005931008
"Floyd, IN",2010,0.027422076,0.071307919,0.07638756,0.053348411,0.037224564
"Fountain, IN",2010,0.004513225,0.008735913,0.012453659,0.00763887,0.004352023
"Franklin, IN",2010,0.003262379,0.017031134,0.018883543,0.007469543,0.002807591
"Fulton, IN",2010,0.005306813,0.011730407,0.01640238,0.010878176,0.006336217
"Gibson, IN",2010,0.030143961,0.024369687,0.030530546,0.02696427,0.025570608
"Grant, IN",2010,0.027808638,0.051098564,0.071044714,0.047274714,0.0346371
"Greene, IN",2010,0.00536377,0.021726601,0.03013445,0.013449006,0.006313345
"Hamilton, IN",2010,0.150910608,0.396603891,0.300973996,0.226125585,0.184291471
"Hancock, IN",2010,0.020278759,0.067143676,0.071401868,0.039541609,0.025340483
"Harrison, IN",2010,0.009289429,0.029151377,0.036959318,0.021466286,0.011325398
"Hendricks, IN",2010,0.04762028,0.142636037,0.155674632,0.096915593,0.063909242
"Henry, IN",2010,0.011060002,0.032350755,0.048361542,0.022015496,0.012667838
"Howard, IN",2010,0.049625176,0.062941379,0.085326423,0.062269752,0.052953342
"Huntington, IN",2010,0.012831535,0.02579419,0.034530448,0.024119572,0.015111545
"Jackson, IN",2010,0.020171963,0.033317349,0.040664373,0.031343222,0.022606068
"Jasper, IN",2010,0.014835066,0.024299831,0.030484928,0.019456445,0.012151251
"Jay, IN",2010,0.007147197,0.011030197,0.016794026,0.01284679,0.007211357
"Jefferson, IN",2010,0.014538906,0.02261674,0.029303316,0.020227988,0.013823654
"Jennings, IN",2010,0.005927863,0.015822744,0.024919557,0.011919171,0.007819188
"Johnson, IN",2010,0.040740005,0.134407877,0.14933487,0.083883279,0.049408334
"Knox, IN",2010,0.016623979,0.029530728,0.035940149,0.028756195,0.020179831
"Kosciusko, IN",2010,0.062497602,0.06548451,0.079305986,0.062274169,0.05164542
"LaPorte, IN",2010,0.044680895,0.089294337,0.117312288,0.07518869,0.053257801
"Lagrange, IN",2010,0.010784168,0.020065306,0.034583854,0.022564705,0.01135297
"Lake, IN",2010,0.238262852,0.446366382,0.545371907,0.344732743,0.289859387
"Lawrence, IN",2010,0.012828375,0.032071863,0.04451407,0.023405452,0.013888376
"Madison, IN",2010,0.037785086,0.095560008,0.13968615,0.074372974,0.047210854
"Marion, IN",2010,1,1,1,1,1
"Marshall, IN",2010,0.016070757,0.033663755,0.045521,0.030942726,0.019288554
"Martin, IN",2010,0.008735751,0.003216676,0.004748702,0.009716443,0.014651822
"Miami, IN",2010,0.007749274,0.019466114,0.034202223,0.015906461,0.009948333
"Monroe, IN",2010,0.061911831,0.108671887,0.147185271,0.122451624,0.081671255
"Montgomery, IN",2010,0.017274303,0.028160353,0.035604135,0.025584621,0.018576781
"Morgan, IN",2010,0.015608227,0.058323564,0.070183539,0.02900356,0.0159468
"Newton, IN",2010,0.00217004,0.005958252,0.009062365,0.00461012,0.002918409
"Noble, IN",2010,0.016652559,0.03045815,0.046017232,0.028820981,0.019077688
"Ohio, IN",2010,0.001516593,0.002512395,0,0,0.000189888
"Orange, IN",2010,0.004602591,0.009418053,0.015277512,0.011640885,0.007000211
"Owen, IN",2010,0.004163092,0.011436107,0.017236852,0.008083539,0.004651641
"Parke, IN",2010,0.001811046,0.007023256,0.012433632,0.004742637,0.001759121
"Perry, IN",2010,0.006730388,0.008914904,0.014825785,0.008877168,0.006485693
"Pike, IN",2010,0.009179169,0.004849258,0.007372281,0.00340127,0.003525854
"Porter, IN",2010,0.066842674,0.165594206,0.176309453,0.105582206,0.07945385
"Posey, IN",2010,0.023673304,0.020560898,0.021998905,0.01412926,0.013804851
"Pulaski, IN",2010,0.003672881,0.006074785,0.008052098,0.006076642,0.003933343
"Putnam, IN",2010,0.009082219,0.022770024,0.035379384,0.020682963,0.011792733
"Randolph, IN",2010,0.006883372,0.014905302,0.022353834,0.011704198,0.006601001
"Ripley, IN",2010,0.012966608,0.020045187,0.025303414,0.022005189,0.017881285
"Rush, IN",2010,0.004126941,0.009255215,0.012571598,0.007126471,0.004019956
"Scott, IN",2010,0.005155207,0.012149862,0.020137476,0.009785646,0.005786198
"Shelby, IN",2010,0.017372366,0.033578571,0.042518013,0.028159869,0.019872916
"Spencer, IN",2010,0.013662411,0.013094741,0.016489165,0.010982717,0.007077141
"St. Joseph, IN",2010,0.133420904,0.241966539,0.290109171,0.217164489,0.167847202
"Starke, IN",2010,0.003376658,0.011314943,0.019215107,0.00677751,0.003033401
"Steuben, IN",2010,0.011837183,0.022555213,0.031171421,0.024238837,0.013742023
"Sullivan, IN",2010,0.009107423,0.010479678,0.017031016,0.009021465,0.006230381
"Switzerland, IN",2010,0.000919636,0.001119985,0.005125883,0.002027511,0.001200437
"Tippecanoe, IN",2010,0.084132778,0.135636944,0.185592119,0.140710998,0.111292128
"Tipton, IN",2010,0.002753371,0.00802245,0.010898203,0.005821915,0.003612747
"Union, IN",2010,0,0,0.001613312,0.00058602,0
"Vanderburgh, IN",2010,0.115121886,0.178407527,0.193271486,0.183762836,0.154026916
"Vermillion, IN",2010,0.008377099,0.007919036,0.011163009,0.005533322,0.005776832
"Vigo, IN",2010,0.051913376,0.084734589,0.113256755,0.087857317,0.065636405
"Wabash, IN",2010,0.010020183,0.021834805,0.029782859,0.020361978,0.011781648
"Warren, IN",2010,0.000909625,0.002092167,0.002714815,0.001008602,0.000718999
"Warrick, IN",2010,0.023838056,0.060210927,0.059827186,0.029230312,0.019801178
"Washington, IN",2010,0.003693459,0.015320686,0.024712608,0.010274487,0.004689913
"Wayne, IN",2010,0.027541008,0.050900785,0.069905382,0.050781998,0.03437635
"Wells, IN",2010,0.009685686,0.018287211,0.024027228,0.017671882,0.011391418
"White, IN",2010,0.007928449,0.016006393,0.020707143,0.01437957,0.008381661
"Whitley, IN",2010,0.010767508,0.023856318,0.030335836,0.01978332,0.012596696
"Adams, IN",2011,0.012596562,0.021068322,0.031230592,0.023968731,0.01290013
"Allen, IN",2011,0.188731104,0.320808244,0.389847934,0.322343744,0.254647838
"Bartholomew, IN",2011,0.063151448,0.072741822,0.078680441,0.07503601,0.071283673
"Benton, IN",2011,0.002927399,0.002942962,0.003084339,0.002343744,0.001404993
"Blackford, IN",2011,0.001745334,0.004329817,0.007321445,0.003662553,0.002412658
"Boone, IN",2011,0.024212739,0.074571874,0.057418796,0.042151207,0.027985846
"Brown, IN",2011,0.001273595,0.008196418,0.009997628,0.00511165,0.001285083
"Carroll, IN",2011,0.005938933,0.012216452,0.015437141,0.007620426,0.004256657
"Cass, IN",2011,0.013244373,0.024700769,0.036301661,0.023671963,0.015939044
"Clark, IN",2011,0.051490537,0.093745242,0.116579428,0.083197857,0.058729243
"Clay, IN",2011,0.005982061,0.015220263,0.022958252,0.012125511,0.006369204
"Clinton, IN",2011,0.01273337,0.020572531,0.029888088,0.017733705,0.012435498
"Crawford, IN",2011,0.000481617,0.001618191,0.005021428,0.001887735,0.00047104
"Daviess, IN",2011,0.010579106,0.021332134,0.028549996,0.020246824,0.010939561
"DeKalb, IN",2011,0.02218017,0.031041085,0.040149363,0.031978575,0.02603337
"Dearborn, IN",2011,0.017645553,0.04057898,0.048584965,0.026552785,0.017799295
"Decatur, IN",2011,0.011104396,0.01653307,0.02187388,0.018568999,0.013614294
"Delaware, IN",2011,0.050354206,0.080174337,0.123147438,0.081480945,0.054521717
"Dubois, IN",2011,0.024871972,0.040633057,0.039965141,0.044562991,0.0332035
"Elkhart, IN",2011,0.111616129,0.153212645,0.212160858,0.186024393,0.142735913
"Fayette, IN",2011,0.005082971,0.013223678,0.020021732,0.009650031,0.006077084
"Floyd, IN",2011,0.026196993,0.07070688,0.076231502,0.052115378,0.035849335
"Fountain, IN",2011,0.00465304,0.008771199,0.012241386,0.007918642,0.004535254
"Franklin, IN",2011,0.003720562,0.016604547,0.018735487,0.007398936,0.002855778
"Fulton, IN",2011,0.005467885,0.011884326,0.016246835,0.010918172,0.00641675
"Gibson, IN",2011,0.02902454,0.023885358,0.030192551,0.027586407,0.025672832
"Grant, IN",2011,0.027531386,0.049138195,0.070307717,0.046400058,0.034522539
"Greene, IN",2011,0.005270995,0.021051046,0.02956046,0.012795773,0.005879179
"Hamilton, IN",2011,0.150541343,0.400940119,0.306480312,0.229545076,0.184440587
"Hancock, IN",2011,0.021064386,0.0649822,0.071022542,0.039596106,0.025799418
"Harrison, IN",2011,0.009242985,0.028075533,0.036411973,0.020563859,0.010924353
"Hendricks, IN",2011,0.048362631,0.140832256,0.15760026,0.099174116,0.065569993
"Henry, IN",2011,0.011070367,0.031477806,0.047733352,0.021410734,0.012385558
"Howard, IN",2011,0.048836272,0.061966773,0.084785139,0.062516738,0.054520807
"Huntington, IN",2011,0.013294972,0.025694353,0.034348025,0.02410481,0.015589262
"Jackson, IN",2011,0.020399066,0.032491285,0.040941407,0.030957982,0.022615642
"Jasper, IN",2011,0.014573988,0.024842462,0.030123054,0.018981579,0.012043397
"Jay, IN",2011,0.00769291,0.011368318,0.01685907,0.012613369,0.007242393
"Jefferson, IN",2011,0.014747047,0.022049053,0.029047506,0.019847273,0.013614598
"Jennings, IN",2011,0.005721571,0.01541198,0.024381284,0.011660816,0.007561252
"Johnson, IN",2011,0.041647364,0.131688374,0.149877277,0.08552423,0.051227204
"Knox, IN",2011,0.016903446,0.028591294,0.035725829,0.028095979,0.020150582
"Kosciusko, IN",2011,0.060574119,0.064963935,0.078786341,0.062079548,0.052364457
"LaPorte, IN",2011,0.045149355,0.088331457,0.116479043,0.07477109,0.052728131
"Lagrange, IN",2011,0.011097049,0.021002974,0.034702128,0.023270964,0.01192315
"Lake, IN",2011,0.254274933,0.432452205,0.540937547,0.346694655,0.295636426
"Lawrence, IN",2011,0.011559034,0.031241601,0.044157019,0.023421519,0.014053637
"Madison, IN",2011,0.03765473,0.091703305,0.137901745,0.072734248,0.046679372
"Marion, IN",2011,1,1,1,1,1
"Marshall, IN",2011,0.016449857,0.033107045,0.04509247,0.030888495,0.019807444
"Martin, IN",2011,0.009317562,0.003210259,0.004680562,0.00952119,0.014849235
"Miami, IN",2011,0.008103395,0.019192522,0.033839484,0.015873475,0.010138365
"Monroe, IN",2011,0.062189498,0.107428923,0.146937447,0.120900438,0.081048888
"Montgomery, IN",2011,0.01626071,0.027089265,0.035553742,0.025008143,0.018502027
"Morgan, IN",2011,0.015292154,0.05683116,0.069841095,0.028800984,0.015883405
"Newton, IN",2011,0.002587874,0.006464931,0.008839346,0.004357425,0.002862859
"Noble, IN",2011,0.017542837,0.030785428,0.045433335,0.029572582,0.019527059
"Ohio, IN",2011,0.000501681,0.000203531,0,0,0.000248047
"Orange, IN",2011,0.004892033,0.009244227,0.015341169,0.011000688,0.006814346
"Owen, IN",2011,0.004236233,0.010835479,0.017086314,0.007584235,0.004429608
"Parke, IN",2011,0.001877796,0.00680368,0.012060473,0.004580363,0.001759664
"Perry, IN",2011,0.00649246,0.008882122,0.014748791,0.008940683,0.006505569
"Pike, IN",2011,0.008157216,0.004472029,0.007187967,0.003323803,0.003733721
"Porter, IN",2011,0.067268395,0.16683083,0.176229847,0.105917267,0.079949065
"Posey, IN",2011,0.027040842,0.020885329,0.021646636,0.013657124,0.014009463
"Pulaski, IN",2011,0.004062742,0.006434926,0.007920443,0.00605407,0.004055211
"Putnam, IN",2011,0.008982766,0.022135879,0.034981219,0.020642032,0.011817167
"Randolph, IN",2011,0.00770506,0.015185018,0.022058102,0.011753465,0.0066012
"Ripley, IN",2011,0.012910083,0.019324947,0.024989107,0.022345916,0.018616103
"Rush, IN",2011,0.004186795,0.00947497,0.012395824,0.006941479,0.003944271
"Scott, IN",2011,0.005041633,0.011666089,0.019764703,0.009929427,0.005861375
"Shelby, IN",2011,0.017393027,0.032920641,0.042182424,0.027754334,0.019792472
"Spencer, IN",2011,0.013370908,0.012761278,0.016393551,0.010812493,0.00703245
"St. Joseph, IN",2011,0.133918241,0.237770505,0.287710628,0.217409431,0.166706777
"Starke, IN",2011,0.003062441,0.010907895,0.018921915,0.006588252,0.003038711
"Steuben, IN",2011,0.01215232,0.022626455,0.030854426,0.024389997,0.014098552
"Sullivan, IN",2011,0.011126621,0.010143176,0.016752067,0.008882777,0.006525026
"Switzerland, IN",2011,0.000965247,0.001098575,0.004906703,0.001854439,0.001212888
"Tippecanoe, IN",2011,0.085125839,0.133899957,0.186144741,0.143876081,0.114339926
"Tipton, IN",2011,0.003119103,0.008347577,0.010783054,0.005444609,0.003646251
"Union, IN",2011,0,0,0.001581882,0.000380732,0
"Vanderburgh, IN",2011,0.116696223,0.176300981,0.192125889,0.184306033,0.151573751
"Vermillion, IN",2011,0.008042695,0.007446058,0.011054423,0.005042163,0.005114604
"Vigo, IN",2011,0.050570765,0.080447738,0.112764819,0.085615432,0.062998208
"Wabash, IN",2011,0.010512073,0.021376968,0.029265925,0.019974666,0.011902176
"Warren, IN",2011,0.001309785,0.002470873,0.002691627,0.001146538,0.000888397
"Warrick, IN",2011,0.023561606,0.060174783,0.059831332,0.029582715,0.01947169
"Washington, IN",2011,0.004256458,0.015396014,0.024427616,0.009855597,0.004748401
"Wayne, IN",2011,0.027579515,0.049671257,0.069157157,0.050320292,0.03406927
"Wells, IN",2011,0.010195526,0.018228621,0.023919075,0.017271905,0.011469072
"White, IN",2011,0.008764627,0.016228552,0.020511519,0.014499656,0.008716276
"Whitley, IN",2011,0.010625976,0.023570311,0.03010761,0.019796605,0.012964536
"Adams, IN",2012,0.013478544,0.022453204,0.030931661,0.023981619,0.012839154
"Allen, IN",2012,0.199527475,0.326677081,0.388232238,0.319573054,0.248560094
"Bartholomew, IN",2012,0.071485211,0.077329317,0.079127378,0.078422652,0.076578667
"Benton, IN",2012,0.002468034,0.00255938,0.002999407,0.002429705,0.001416832
"Blackford, IN",2012,0.001906402,0.004650797,0.007128504,0.003658767,0.002261872
"Boone, IN",2012,0.025089242,0.077409285,0.058202473,0.044048713,0.028717261
"Brown, IN",2012,0.001474927,0.008961389,0.009891059,0.004812522,0.001186501
"Carroll, IN",2012,0.005434213,0.012656265,0.015347404,0.007921408,0.004358477
"Cass, IN",2012,0.013183726,0.0252381,0.035792054,0.023229974,0.015011851
"Clark, IN",2012,0.053384798,0.097165785,0.115955253,0.082746391,0.058313863
"Clay, IN",2012,0.005578496,0.015363279,0.022671284,0.012581896,0.006441421
"Clinton, IN",2012,0.011903588,0.020893507,0.029505087,0.017550715,0.012010702
"Crawford, IN",2012,0.000651566,0.002079596,0.004999012,0.00196934,0.000445521
"Daviess, IN",2012,0.010111402,0.021820463,0.028403776,0.020571507,0.011092144
"DeKalb, IN",2012,0.023987975,0.031495113,0.039497654,0.032532478,0.026367308
"Dearborn, IN",2012,0.01900382,0.041780516,0.047887917,0.025813134,0.017402213
"Decatur, IN",2012,0.012501761,0.017473424,0.021776265,0.020229074,0.015279504
"Delaware, IN",2012,0.042160044,0.081311501,0.120709772,0.080620754,0.054463335
"Dubois, IN",2012,0.025263323,0.041222443,0.039563143,0.044146754,0.032608037
"Elkhart, IN",2012,0.117531888,0.16088421,0.210754207,0.190736144,0.150402976
"Fayette, IN",2012,0.005176463,0.013797659,0.019627126,0.009484377,0.005961985
"Floyd, IN",2012,0.026798349,0.073050472,0.075897667,0.051234106,0.034994413
"Fountain, IN",2012,0.005204995,0.009231578,0.012055478,0.008066338,0.004693735
"Franklin, IN",2012,0.004024014,0.016880175,0.018521449,0.00708451,0.002748958
"Fulton, IN",2012,0.005958347,0.012586775,0.016005571,0.010862631,0.006607394
"Gibson, IN",2012,0.030262683,0.0244495,0.029786691,0.028465918,0.027063026
"Grant, IN",2012,0.02916418,0.050721572,0.069124987,0.046783908,0.033955722
"Greene, IN",2012,0.005439568,0.021250089,0.028987722,0.012388656,0.005501291
"Hamilton, IN",2012,0.160251145,0.417247039,0.310683151,0.230887382,0.185153396
"Hancock, IN",2012,0.022248739,0.06695752,0.070564659,0.039614146,0.026017456
"Harrison, IN",2012,0.009808919,0.028548627,0.03572329,0.019794285,0.010185029
"Hendricks, IN",2012,0.05425503,0.143566454,0.158422844,0.10044914,0.066331178
"Henry, IN",2012,0.010605198,0.032058844,0.04720028,0.021203798,0.012243669
"Howard, IN",2012,0.053042802,0.063242958,0.08403143,0.062785863,0.053829981
"Huntington, IN",2012,0.013705391,0.02615935,0.033794632,0.023542567,0.014886318
"Jackson, IN",2012,0.021741174,0.033561545,0.040801981,0.031000769,0.0231339
"Jasper, IN",2012,0.014547533,0.025516298,0.029812886,0.019234458,0.012770746
"Jay, IN",2012,0.008555655,0.012160943,0.016685568,0.012243726,0.00716366
"Jefferson, IN",2012,0.014826666,0.022730562,0.029020466,0.020199236,0.013804647
"Jennings, IN",2012,0.006033381,0.01669969,0.024115322,0.01145798,0.007396627
"Johnson, IN",2012,0.046013453,0.13621399,0.150361119,0.087615748,0.053627264
"Knox, IN",2012,0.016798706,0.029167628,0.034770422,0.028569642,0.020213053
"Kosciusko, IN",2012,0.054219153,0.066936227,0.078339324,0.061902076,0.051738937
"LaPorte, IN",2012,0.046017654,0.09067918,0.115513201,0.073138398,0.051378444
"Lagrange, IN",2012,0.012429171,0.023136108,0.034576137,0.024505924,0.013395259
"Lake, IN",2012,0.279094848,0.436196787,0.534770968,0.343740809,0.300509078
"Lawrence, IN",2012,0.011259416,0.031701902,0.043606012,0.023123408,0.013630702
"Madison, IN",2012,0.038656466,0.093436549,0.135615124,0.071380769,0.045793282
"Marion, IN",2012,1,1,1,1,1
"Marshall, IN",2012,0.017140383,0.033388325,0.044604723,0.030945354,0.019581532
"Martin, IN",2012,0.00913,0.003099181,0.004567875,0.009461643,0.014152121
"Miami, IN",2012,0.008664773,0.020080113,0.033415886,0.015841396,0.010005811
"Monroe, IN",2012,0.063932784,0.109180532,0.14587838,0.118272664,0.079572519
"Montgomery, IN",2012,0.015821309,0.026582448,0.034948334,0.025078539,0.018358223
"Morgan, IN",2012,0.014664856,0.056617614,0.069153366,0.029044216,0.015830402
"Newton, IN",2012,0.002613472,0.006797413,0.008679508,0.004347894,0.002836718
"Noble, IN",2012,0.018075098,0.03187294,0.044783727,0.029433538,0.01935088
"Ohio, IN",2012,0.000199997,0,0,0,0.000209918
"Orange, IN",2012,0.005434925,0.010133356,0.014970841,0.01105445,0.006714153
"Owen, IN",2012,0.003980645,0.011389919,0.016813272,0.007503669,0.004323984
"Parke, IN",2012,0.001777914,0.00709122,0.011883023,0.004488561,0.001692683
"Perry, IN",2012,0.005973675,0.009133986,0.014524423,0.008869135,0.006444057
"Pike, IN",2012,0.008597465,0.005176643,0.007107766,0.003320598,0.003551146
"Porter, IN",2012,0.072605614,0.170917073,0.174831174,0.10491923,0.080471661
"Posey, IN",2012,0.023053198,0.020361547,0.021312383,0.013660344,0.013441872
"Pulaski, IN",2012,0.004594146,0.00674363,0.007596752,0.006007482,0.004118181
"Putnam, IN",2012,0.009429252,0.022246798,0.034282527,0.021105758,0.012412118
"Randolph, IN",2012,0.007480328,0.015094553,0.021647469,0.011496343,0.006581902
"Ripley, IN",2012,0.011729642,0.019078728,0.024556283,0.020347007,0.015838953
"Rush, IN",2012,0.004308982,0.009875996,0.012069667,0.006823068,0.004063789
"Scott, IN",2012,0.005085965,0.012583514,0.019401188,0.010440629,0.006065048
"Shelby, IN",2012,0.018305998,0.033579625,0.041724288,0.028221527,0.020268249
"Spencer, IN",2012,0.01544217,0.01294916,0.015961911,0.010994773,0.006953742
"St. Joseph, IN",2012,0.139400973,0.24150559,0.284629347,0.21204935,0.162358193
"Starke, IN",2012,0.003392457,0.011547553,0.018734289,0.006287396,0.002941967
"Steuben, IN",2012,0.013052143,0.023825295,0.030580202,0.024807151,0.014410998
"Sullivan, IN",2012,0.011338074,0.010519216,0.016574236,0.008810879,0.006733055
"Switzerland, IN",2012,0.001226156,0.00161842,0.004551502,0.001915347,0.00112658
"Tippecanoe, IN",2012,0.08850407,0.137764287,0.186769863,0.14545979,0.114123822
"Tipton, IN",2012,0.003667857,0.009299388,0.010502292,0.005753145,0.003792278
"Union, IN",2012,0,0.000347255,0.001394921,0.000461786,0
"Vanderburgh, IN",2012,0.119386531,0.177509807,0.190496201,0.179549552,0.144439769
"Vermillion, IN",2012,0.007470588,0.007546186,0.010770797,0.005488861,0.005321463
"Vigo, IN",2012,0.051708523,0.080666435,0.111735563,0.08398682,0.061721313
"Wabash, IN",2012,0.011782789,0.022996219,0.028765058,0.020267438,0.012040149
"Warren, IN",2012,0.001452475,0.002997201,0.002589008,0.001229062,0.000934407
"Warrick, IN",2012,0.023150574,0.061912878,0.059429305,0.029832805,0.019800644
"Washington, IN",2012,0.004905964,0.015851263,0.023853365,0.010218972,0.004916704
"Wayne, IN",2012,0.028542301,0.050852398,0.068053147,0.050057617,0.033417201
"Wells, IN",2012,0.010706848,0.019070503,0.023628519,0.017343266,0.011846787
"White, IN",2012,0.008580011,0.016411614,0.020195791,0.014578233,0.008695545
"Whitley, IN",2012,0.011804873,0.024805794,0.029750672,0.019929269,0.01288731
"Adams, IN",2013,0.014540247,0.023993526,0.030891856,0.023991188,0.013277431
"Allen, IN",2013,0.193934319,0.330521288,0.386632828,0.316323574,0.245443555
"Bartholomew, IN",2013,0.074965051,0.077584536,0.078715853,0.077418883,0.074915783
"Benton, IN",2013,0.003929933,0.004391978,0.002954095,0.002236646,0.001393563
"Blackford, IN",2013,0.002240377,0.005178745,0.007070422,0.00358426,0.002394551
"Boone, IN",2013,0.030124989,0.084340829,0.059165996,0.047305756,0.030764917
"Brown, IN",2013,0.00171455,0.009319347,0.009888672,0.004806678,0.001219348
"Carroll, IN",2013,0.006033457,0.013839201,0.015245934,0.007812786,0.004474608
"Cass, IN",2013,0.014123489,0.026510909,0.035263702,0.022957267,0.014926408
"Clark, IN",2013,0.05324062,0.097660451,0.115727214,0.084100686,0.059119591
"Clay, IN",2013,0.006498349,0.016196552,0.022349778,0.012190422,0.006425413
"Clinton, IN",2013,0.012927121,0.022216222,0.029184088,0.017115262,0.011751844
"Crawford, IN",2013,0.000886365,0.002295674,0.004948648,0.001841364,0.000467378
"Daviess, IN",2013,0.011364907,0.023572592,0.028290312,0.020581359,0.011207993
"DeKalb, IN",2013,0.025523744,0.032387254,0.039092166,0.033394947,0.027138635
"Dearborn, IN",2013,0.016222715,0.043129169,0.047487618,0.025161559,0.016139139
"Decatur, IN",2013,0.01331524,0.018706392,0.021776209,0.020616526,0.015813364
"Delaware, IN",2013,0.042861126,0.083356868,0.118917421,0.079738523,0.054811699
"Dubois, IN",2013,0.026440493,0.042228163,0.03947706,0.044009869,0.033301165
"Elkhart, IN",2013,0.12595475,0.168550155,0.209664203,0.197024558,0.157145006
"Fayette, IN",2013,0.005338337,0.014387794,0.019376276,0.009150553,0.005842617
"Floyd, IN",2013,0.027401114,0.075655904,0.076029136,0.051523029,0.034736825
"Fountain, IN",2013,0.005606832,0.010209039,0.011720426,0.007282462,0.004169881
"Franklin, IN",2013,0.004066857,0.01735979,0.018308921,0.007212127,0.002901914
"Fulton, IN",2013,0.006329414,0.013415294,0.015727861,0.010382818,0.00618632
"Gibson, IN",2013,0.03257504,0.02705515,0.029367371,0.029729099,0.028916328
"Grant, IN",2013,0.027849799,0.052040034,0.068248222,0.046349204,0.03307622
"Greene, IN",2013,0.005637251,0.021472129,0.02833775,0.011979417,0.005383494
"Hamilton, IN",2013,0.166325681,0.436577981,0.315123242,0.239721981,0.200977627
"Hancock, IN",2013,0.024406832,0.068643836,0.070271885,0.040939054,0.02815667
"Harrison, IN",2013,0.009657446,0.029063858,0.035243217,0.019309706,0.009827601
"Hendricks, IN",2013,0.057616543,0.150715296,0.159843498,0.101698444,0.065580736
"Henry, IN",2013,0.01176642,0.033207555,0.046494654,0.020990707,0.012238001
"Howard, IN",2013,0.052879323,0.06508478,0.083072604,0.063644522,0.055321394
"Huntington, IN",2013,0.01445743,0.027220912,0.033263758,0.023467898,0.014936428
"Jackson, IN",2013,0.02158563,0.034372292,0.041091031,0.031552176,0.023854733
"Jasper, IN",2013,0.016749183,0.028243919,0.029394324,0.01965716,0.013653558
"Jay, IN",2013,0.00836666,0.013073638,0.016472854,0.011990671,0.006954392
"Jefferson, IN",2013,0.015147799,0.023166044,0.028792724,0.020031341,0.014065542
"Jennings, IN",2013,0.006217792,0.017412353,0.023993937,0.01111852,0.007388968
"Johnson, IN",2013,0.047927288,0.140962515,0.15085507,0.089989112,0.055644491
"Knox, IN",2013,0.019042563,0.03100968,0.034479896,0.028403992,0.020123273
"Kosciusko, IN",2013,0.050701661,0.071463562,0.077856578,0.062811759,0.054860413
"LaPorte, IN",2013,0.045932406,0.09247114,0.114591936,0.071927144,0.051094229
"Lagrange, IN",2013,0.013652149,0.025778397,0.034727867,0.025583568,0.014469334
"Lake, IN",2013,0.258711204,0.438446846,0.527762025,0.338466365,0.290777564
"Lawrence, IN",2013,0.012527223,0.031994124,0.042858098,0.023127478,0.013546709
"Madison, IN",2013,0.038106392,0.09602848,0.134200012,0.06958359,0.044135111
"Marion, IN",2013,1,1,1,1,1
"Marshall, IN",2013,0.017947356,0.035513311,0.044091486,0.030959957,0.019848921
"Martin, IN",2013,0.008444586,0.003245374,0.004463487,0.008933922,0.013120798
"Miami, IN",2013,0.00895905,0.021225009,0.032759189,0.015484902,0.009883687
"Monroe, IN",2013,0.0650111,0.110659017,0.143938822,0.11672195,0.079342339
"Montgomery, IN",2013,0.016992043,0.028764103,0.034510084,0.024857713,0.01817502
"Morgan, IN",2013,0.01551197,0.058215651,0.06867732,0.028614996,0.015824613
"Newton, IN",2013,0.003513804,0.008401755,0.008618626,0.00395,0.002740587
"Noble, IN",2013,0.019615979,0.033442127,0.044320051,0.029582802,0.019830551
"Ohio, IN",2013,0,0,0,0,1.64E-06
"Orange, IN",2013,0.005455338,0.009846953,0.014974243,0.010942683,0.006483327
"Owen, IN",2013,0.003784364,0.011424017,0.016495494,0.007265581,0.00418885
"Parke, IN",2013,0.002518786,0.008043925,0.011856271,0.004388889,0.001724127
"Perry, IN",2013,0.006451972,0.009829811,0.014470753,0.008748238,0.006340527
"Pike, IN",2013,0.009766682,0.005835919,0.006943202,0.003309954,0.003961415
"Porter, IN",2013,0.074717679,0.174469971,0.173866824,0.106018405,0.080915914
"Posey, IN",2013,0.015723911,0.021996326,0.021053857,0.01327217,0.013240943
"Pulaski, IN",2013,0.005175612,0.007807854,0.007510302,0.005684456,0.003927606
"Putnam, IN",2013,0.010460554,0.023838861,0.033695012,0.021356448,0.012710673
"Randolph, IN",2013,0.008253518,0.016234971,0.021217734,0.011232462,0.006606182
"Ripley, IN",2013,0.011143432,0.019919944,0.024220345,0.019910365,0.015681277
"Rush, IN",2013,0.004954956,0.011342587,0.011888616,0.006785898,0.004104814
"Scott, IN",2013,0.005292447,0.013289449,0.019334229,0.010368751,0.006243069
"Shelby, IN",2013,0.020421593,0.036594635,0.041387519,0.028520747,0.020917308
"Spencer, IN",2013,0.01479289,0.014058203,0.015774221,0.010709171,0.006836011
"St. Joseph, IN",2013,0.139686261,0.246431013,0.282006111,0.209523046,0.159791316
"Starke, IN",2013,0.003857137,0.012627052,0.018590314,0.006300588,0.003066992
"Steuben, IN",2013,0.013808878,0.024736749,0.030470305,0.025085597,0.014784018
"Sullivan, IN",2013,0.012066094,0.011327161,0.016398462,0.008604755,0.006720372
"Switzerland, IN",2013,0.001406042,0.001933322,0.004604723,0.001609259,0.001064259
"Tippecanoe, IN",2013,0.089594717,0.138640028,0.186645981,0.144530909,0.112643378
"Tipton, IN",2013,0.004473499,0.010502532,0.010336098,0.005656322,0.003701211
"Union, IN",2013,0.000451523,0.001050546,0.001399422,0.000317913,0
"Vanderburgh, IN",2013,0.114885681,0.165539087,0.188607112,0.175448665,0.142142754
"Vermillion, IN",2013,0.008998838,0.007877461,0.010641211,0.005130218,0.005113806
"Vigo, IN",2013,0.0565315,0.081469604,0.110048667,0.082858574,0.061006811
"Wabash, IN",2013,0.01219403,0.023503347,0.028373329,0.019990547,0.012201041
"Warren, IN",2013,0.002120099,0.004027547,0.00262742,0.000942486,0.000926689
"Warrick, IN",2013,0.023805015,0.06262772,0.05940103,0.029599683,0.020143848
"Washington, IN",2013,0.005620522,0.017004983,0.023493681,0.010197134,0.005032827
"Wayne, IN",2013,0.028343319,0.052230942,0.066908097,0.049839215,0.033722603
"Wells, IN",2013,0.011501203,0.020634734,0.023426837,0.017255931,0.011489151
"White, IN",2013,0.00955296,0.018097162,0.020003752,0.014380646,0.008804808
"Whitley, IN",2013,0.01208654,0.025697668,0.029400793,0.019468663,0.013019275
"Adams, IN",2014,0.015336398,0.024243712,0.030804224,0.024770366,0.0138745
"Allen, IN",2014,0.205768987,0.340608691,0.3860478,0.316976059,0.249326666
"Bartholomew, IN",2014,0.071020258,0.079737058,0.078819742,0.0788795,0.077557856
"Benton, IN",2014,0.003352054,0.0029542,0.002921865,0.002377844,0.001456476
"Blackford, IN",2014,0.002223555,0.004948223,0.006952134,0.003527922,0.002243083
"Boone, IN",2014,0.031190516,0.085724079,0.060301045,0.048802685,0.032313802
"Brown, IN",2014,0.001752428,0.009294158,0.009757381,0.005026213,0.00124139
"Carroll, IN",2014,0.005544382,0.013206483,0.014991275,0.007967304,0.004575089
"Cass, IN",2014,0.014161363,0.026284201,0.034955391,0.023051493,0.015234229
"Clark, IN",2014,0.05307717,0.098339024,0.116536515,0.08576193,0.061061693
"Clay, IN",2014,0.006485296,0.015806119,0.021976576,0.012176393,0.006461029
"Clinton, IN",2014,0.01379604,0.021933834,0.028756458,0.017471744,0.012328238
"Crawford, IN",2014,0.000855324,0.002465966,0.00497712,0.001956103,0.000599765
"Daviess, IN",2014,0.01097781,0.023457376,0.028512524,0.0207555,0.011285548
"DeKalb, IN",2014,0.02522586,0.032584083,0.038847645,0.0338711,0.028276105
"Dearborn, IN",2014,0.016850607,0.043052806,0.046911393,0.024297294,0.015548742
"Decatur, IN",2014,0.013357954,0.01850498,0.021816093,0.02087897,0.016466625
"Delaware, IN",2014,0.042134547,0.083907785,0.117485506,0.078244113,0.054988977
"Dubois, IN",2014,0.027580686,0.044904037,0.039338723,0.044367464,0.034760698
"Elkhart, IN",2014,0.13563744,0.177199619,0.209474503,0.202352595,0.168151644
"Fayette, IN",2014,0.005166915,0.014539777,0.018885669,0.009399005,0.005923113
"Floyd, IN",2014,0.028516741,0.079374053,0.075718136,0.050858674,0.034838687
"Fountain, IN",2014,0.00450422,0.009004755,0.011448875,0.007193187,0.003944461
"Franklin, IN",2014,0.004599069,0.016880774,0.018208429,0.008106035,0.003299109
"Fulton, IN",2014,0.00591543,0.012846285,0.015748756,0.010239713,0.006178242
"Gibson, IN",2014,0.032223139,0.026575892,0.029340617,0.030162828,0.030232396
"Grant, IN",2014,0.038361134,0.051927782,0.06734305,0.046044718,0.032641036
"Greene, IN",2014,0.005805874,0.021792692,0.027899478,0.012464953,0.00590685
"Hamilton, IN",2014,0.181561643,0.455581331,0.31957457,0.248198929,0.211728233
"Hancock, IN",2014,0.02390921,0.06829399,0.070649005,0.041416662,0.027986079
"Harrison, IN",2014,0.009864873,0.029385413,0.035079498,0.019218364,0.01015181
"Hendricks, IN",2014,0.059172555,0.152885749,0.161349857,0.104360167,0.067701247
"Henry, IN",2014,0.011853361,0.033172297,0.046299417,0.020892843,0.012248463
"Howard, IN",2014,0.050551937,0.06620984,0.082420986,0.063964563,0.056468185
"Huntington, IN",2014,0.014685732,0.026807891,0.032884087,0.023582831,0.01516123
"Jackson, IN",2014,0.021365159,0.035057122,0.041315877,0.031931645,0.025066166
"Jasper, IN",2014,0.017027871,0.02760203,0.029235768,0.019221138,0.012824172
"Jay, IN",2014,0.009090821,0.013405431,0.016234485,0.012138936,0.007186434
"Jefferson, IN",2014,0.014799537,0.023102859,0.028712593,0.019615133,0.013921904
"Jennings, IN",2014,0.006018949,0.01753825,0.023510796,0.011196955,0.007330338
"Johnson, IN",2014,0.049310106,0.142662439,0.151688765,0.090366402,0.05642805
"Knox, IN",2014,0.019206426,0.030786225,0.034114459,0.028622917,0.020467853
"Kosciusko, IN",2014,0.055775893,0.072716001,0.077947783,0.063175185,0.056064686
"LaPorte, IN",2014,0.046181886,0.091891635,0.114364641,0.071204918,0.05089707
"Lagrange, IN",2014,0.015193109,0.026887408,0.034899757,0.026002295,0.015031463
"Lake, IN",2014,0.279072878,0.439528244,0.524238855,0.332980032,0.282522251
"Lawrence, IN",2014,0.012872858,0.032704314,0.04224347,0.022954381,0.013574433
"Madison, IN",2014,0.038935271,0.096395427,0.132647963,0.068850658,0.044450147
"Marion, IN",2014,1,1,1,1,1
"Marshall, IN",2014,0.017909136,0.03541046,0.043786249,0.031838695,0.020828322
"Martin, IN",2014,0.008577892,0.003234692,0.004429338,0.008801075,0.013335845
"Miami, IN",2014,0.008937684,0.021749314,0.032487159,0.015615527,0.009854761
"Monroe, IN",2014,0.068103197,0.113324128,0.143419598,0.11673772,0.079967421
"Montgomery, IN",2014,0.016325268,0.027943392,0.034242845,0.025108869,0.018534109
"Morgan, IN",2014,0.015111051,0.057944083,0.068460013,0.028754712,0.016111515
"Newton, IN",2014,0.003313612,0.007516009,0.008630789,0.004045387,0.002763011
"Noble, IN",2014,0.020323301,0.034253152,0.044095447,0.030264102,0.020974906
"Ohio, IN",2014,0,0,0,0,3.79E-06
"Orange, IN",2014,0.00528409,0.009657139,0.014836141,0.010729432,0.006470917
"Owen, IN",2014,0.003892656,0.011461268,0.016295469,0.007386022,0.004272034
"Parke, IN",2014,0.002135102,0.007454031,0.011717417,0.004539268,0.001728329
"Perry, IN",2014,0.007007969,0.010287198,0.014296918,0.009125705,0.006735593
"Pike, IN",2014,0.009571541,0.005528987,0.00689436,0.003576477,0.004175749
"Porter, IN",2014,0.073127931,0.174925811,0.173559422,0.106536852,0.08171152
"Posey, IN",2014,0.01256221,0.021751884,0.020952693,0.012728541,0.01276454
"Pulaski, IN",2014,0.004969298,0.007096402,0.007461401,0.005744838,0.004117164
"Putnam, IN",2014,0.009727448,0.023340964,0.03333344,0.021114812,0.0125862
"Randolph, IN",2014,0.008130846,0.016220068,0.020795419,0.01119418,0.006613681
"Ripley, IN",2014,0.011123755,0.020078996,0.024164497,0.019891207,0.015973309
"Rush, IN",2014,0.004616397,0.010619743,0.011669272,0.007291685,0.004550756
"Scott, IN",2014,0.005437515,0.013626326,0.019142442,0.010753016,0.006719269
"Shelby, IN",2014,0.019459376,0.035154816,0.041138276,0.028980843,0.021534567
"Spencer, IN",2014,0.014801327,0.013910473,0.015634278,0.010796023,0.007000054
"St. Joseph, IN",2014,0.144141805,0.251953163,0.280893827,0.210496087,0.162219752
"Starke, IN",2014,0.003709342,0.012158185,0.018304719,0.006356641,0.003092771
"Steuben, IN",2014,0.013981732,0.025149619,0.030353801,0.025590264,0.015207001
"Sullivan, IN",2014,0.011086743,0.010724274,0.016167082,0.008826047,0.006722472
"Switzerland, IN",2014,0.001245918,0.00195753,0.004456085,0.001639797,0.000994485
"Tippecanoe, IN",2014,0.092822985,0.142439162,0.186908419,0.145840646,0.115743457
"Tipton, IN",2014,0.004289009,0.009916202,0.010147891,0.005880794,0.004098376
"Union, IN",2014,0.000245942,0.000794257,0.001346989,0.000285785,0
"Vanderburgh, IN",2014,0.115113001,0.168419697,0.187363121,0.175752371,0.146023225
"Vermillion, IN",2014,0.008314956,0.007570372,0.010385406,0.005287027,0.005207874
"Vigo, IN",2014,0.057133779,0.082029231,0.108894303,0.081692958,0.06009074
"Wabash, IN",2014,0.012270437,0.023265949,0.028017165,0.020143697,0.012602063
"Warren, IN",2014,0.001774512,0.003205978,0.002622296,0.001064064,0.000876146
"Warrick, IN",2014,0.023347506,0.064792691,0.059161614,0.029968605,0.021215157
"Washington, IN",2014,0.005674637,0.017240855,0.023454092,0.010318789,0.005124771
"Wayne, IN",2014,0.028426879,0.053222012,0.066064534,0.050325948,0.034339581
"Wells, IN",2014,0.0121774,0.020213796,0.023383479,0.016973701,0.011997277
"White, IN",2014,0.009530154,0.017120246,0.019958767,0.015025922,0.009639028
"Whitley, IN",2014,0.012249611,0.025729817,0.029368434,0.020041037,0.013695883
"Adams, IN",2015,0.016741957,0.022778717,0.03091918,0.025060641,0.013961809
"Allen, IN",2015,0.225173631,0.343814706,0.386821734,0.319831166,0.253708207
"Bartholomew, IN",2015,0.073941987,0.080159451,0.07926538,0.079439777,0.079070502
"Benton, IN",2015,0.002665229,0.001569827,0.002954868,0.002394102,0.001424214
"Blackford, IN",2015,0.001977329,0.004601485,0.006915264,0.003468501,0.002401695
"Boone, IN",2015,0.033291447,0.089357475,0.061751108,0.049907497,0.033503232
"Brown, IN",2015,0.001745599,0.009295883,0.009874389,0.005062285,0.001300944
"Carroll, IN",2015,0.004905285,0.011671837,0.014926501,0.007764728,0.004432573
"Cass, IN",2015,0.014306473,0.024920591,0.03445502,0.022709021,0.014960558
"Clark, IN",2015,0.05679381,0.099249994,0.117050878,0.08883255,0.063570808
"Clay, IN",2015,0.007035499,0.015288457,0.021920505,0.012086993,0.006904012
"Clinton, IN",2015,0.014767827,0.020417711,0.028682546,0.01752477,0.012131331
"Crawford, IN",2015,0.000780038,0.002372499,0.004899953,0.001974757,0.000674311
"Daviess, IN",2015,0.01286926,0.023349409,0.028583589,0.021144016,0.011389285
"DeKalb, IN",2015,0.02700821,0.032448017,0.038750592,0.034367077,0.028735084
"Dearborn, IN",2015,0.0193472,0.043321766,0.046876746,0.024408327,0.01576647
"Decatur, IN",2015,0.013812943,0.017527671,0.021688542,0.020678078,0.016331601
"Delaware, IN",2015,0.04398663,0.082417134,0.115986827,0.078791575,0.055363726
"Dubois, IN",2015,0.030984223,0.044066161,0.039340076,0.044889066,0.035037808
"Elkhart, IN",2015,0.157986402,0.177808187,0.210172323,0.205059544,0.172110612
"Fayette, IN",2015,0.005161568,0.013618987,0.018852847,0.009200915,0.005816111
"Floyd, IN",2015,0.030281781,0.08018282,0.075991296,0.051501281,0.035868622
"Fountain, IN",2015,0.004024953,0.008132506,0.011298088,0.006554659,0.003499964
"Franklin, IN",2015,0.004716337,0.016761735,0.018146318,0.007926437,0.003273776
"Fulton, IN",2015,0.005558608,0.012153522,0.015597917,0.010187609,0.006187016
"Gibson, IN",2015,0.033479254,0.025267161,0.029097526,0.030582012,0.030150052
"Grant, IN",2015,0.039705025,0.050992005,0.066290347,0.045535898,0.032400147
"Greene, IN",2015,0.005842774,0.020825719,0.027443991,0.012071919,0.005617868
"Hamilton, IN",2015,0.202386635,0.46375124,0.324461989,0.258889148,0.22104409
"Hancock, IN",2015,0.025700744,0.069149549,0.071116881,0.041257486,0.028274407
"Harrison, IN",2015,0.010135032,0.029044456,0.035245609,0.019093887,0.010063291
"Hendricks, IN",2015,0.066456227,0.154734697,0.162851868,0.112152773,0.072927442
"Henry, IN",2015,0.011846803,0.032136129,0.045976559,0.020728783,0.011998637
"Howard, IN",2015,0.05103,0.065187533,0.081874431,0.063581423,0.05631013
"Huntington, IN",2015,0.015523502,0.026104944,0.032712105,0.023435337,0.015047288
"Jackson, IN",2015,0.0247112,0.034326774,0.041579902,0.032064793,0.025550607
"Jasper, IN",2015,0.015880852,0.025883644,0.02907518,0.018992476,0.012746532
"Jay, IN",2015,0.010773123,0.013152047,0.016231027,0.011826616,0.006822038
"Jefferson, IN",2015,0.015170028,0.023097176,0.028622959,0.019984651,0.014043399
"Jennings, IN",2015,0.006391938,0.017121604,0.023379318,0.011174302,0.007261417
"Johnson, IN",2015,0.055027557,0.143594716,0.153123254,0.091788519,0.058096919
"Knox, IN",2015,0.019484461,0.028748667,0.033771899,0.028448288,0.01965267
"Kosciusko, IN",2015,0.059800373,0.077066603,0.077906587,0.062938702,0.063458586
"LaPorte, IN",2015,0.045954791,0.089242275,0.113138364,0.070173082,0.049320216
"Lagrange, IN",2015,0.017216118,0.026448963,0.035026415,0.026517384,0.015279739
"Lake, IN",2015,0.273509949,0.436092635,0.51934497,0.330028367,0.273932211
"Lawrence, IN",2015,0.01343205,0.032224708,0.04195764,0.022909101,0.013904945
"Madison, IN",2015,0.041274613,0.094730224,0.131691149,0.069057571,0.044800145
"Marion, IN",2015,1,1,1,1,1
"Marshall, IN",2015,0.017325972,0.034299657,0.043418582,0.031613929,0.020577629
"Martin, IN",2015,0.009652964,0.003167608,0.004429642,0.008937797,0.013039274
"Miami, IN",2015,0.009200218,0.020540339,0.032385442,0.015554124,0.010011802
"Monroe, IN",2015,0.07129061,0.114193507,0.142755146,0.1163147,0.081658595
"Montgomery, IN",2015,0.017751822,0.027390724,0.034194328,0.025680065,0.019015728
"Morgan, IN",2015,0.015640098,0.056687797,0.068353541,0.029104713,0.016495637
"Newton, IN",2015,0.002941475,0.006730534,0.008529429,0.003994738,0.002699783
"Noble, IN",2015,0.021266849,0.033399239,0.044039987,0.030647792,0.020837286
"Ohio, IN",2015,0,0,0,0,0
"Orange, IN",2015,0.005904258,0.009631886,0.014706242,0.010986556,0.006551126
"Owen, IN",2015,0.003950995,0.011514504,0.016128878,0.00736731,0.004408734
"Parke, IN",2015,0.002173673,0.006991393,0.011382148,0.004695016,0.001812016
"Perry, IN",2015,0.007880184,0.009974324,0.01427743,0.009117321,0.00667097
"Pike, IN",2015,0.007657848,0.005203314,0.00683014,0.003142344,0.003292534
"Porter, IN",2015,0.076391526,0.172234821,0.173144429,0.106146277,0.080093445
"Posey, IN",2015,0.014256082,0.020428345,0.020920297,0.01271601,0.012929355
"Pulaski, IN",2015,0.00484512,0.006235482,0.007394087,0.005736525,0.004221628
"Putnam, IN",2015,0.010650844,0.02279599,0.033078139,0.021278316,0.012965571
"Randolph, IN",2015,0.007819115,0.016161554,0.020574481,0.011140042,0.006621373
"Ripley, IN",2015,0.011469751,0.018922079,0.024201829,0.019661235,0.015347267
"Rush, IN",2015,0.003870308,0.009491443,0.011549204,0.007412534,0.004669543
"Scott, IN",2015,0.005825176,0.013279959,0.01920292,0.010774143,0.00681102
"Shelby, IN",2015,0.020224345,0.03344381,0.04099361,0.029337682,0.022124375
"Spencer, IN",2015,0.013140536,0.013222178,0.01545959,0.010922147,0.006920672
"St. Joseph, IN",2015,0.153765319,0.256861703,0.280146413,0.212599526,0.164646462
"Starke, IN",2015,0.00366243,0.011565443,0.018213353,0.006706774,0.003212244
"Steuben, IN",2015,0.014256319,0.024067906,0.030210522,0.025619767,0.015542527
"Sullivan, IN",2015,0.009566451,0.009993223,0.016055458,0.008528045,0.006080967
"Switzerland, IN",2015,0.001233378,0.001771393,0.004459436,0.001654082,0.001015823
"Tippecanoe, IN",2015,0.101181047,0.14169934,0.187413346,0.145966206,0.117286317
"Tipton, IN",2015,0.004112073,0.009085444,0.010020164,0.006161352,0.004309864
"Union, IN",2015,7.21E-05,0.000411756,0.001360921,0.000300119,5.14E-05
"Vanderburgh, IN",2015,0.121724717,0.166310301,0.185760876,0.175934275,0.147257741
"Vermillion, IN",2015,0.008002999,0.007047841,0.010346827,0.005299366,0.004829237
"Vigo, IN",2015,0.05515187,0.079092894,0.10792558,0.08049225,0.059029498
"Wabash, IN",2015,0.012634011,0.022473422,0.027706812,0.019705088,0.012034882
"Warren, IN",2015,0.001035239,0.002043857,0.002636717,0.001166217,0.000864608
"Warrick, IN",2015,0.024057888,0.064999086,0.05960811,0.030091406,0.021168518
"Washington, IN",2015,0.006223072,0.016844398,0.023289938,0.010368503,0.005107918
"Wayne, IN",2015,0.028872855,0.050335331,0.065447619,0.049582711,0.033650903
"Wells, IN",2015,0.01196051,0.01914024,0.023380382,0.016803936,0.011087533
"White, IN",2015,0.009685984,0.016046038,0.019811557,0.014871661,0.009419377
"Whitley, IN",2015,0.012851947,0.025090004,0.029284798,0.020405367,0.013802559
"Adams, IN",2016,0.016692404,0.022443537,0.030937036,0.024918969,0.013802125
"Allen, IN",2016,0.226116349,0.342051851,0.38648217,0.318648136,0.249936134
"Bartholomew, IN",2016,0.071590292,0.079455316,0.079325598,0.079179496,0.077008875
"Benton, IN",2016,0.003679959,0.002241824,0.002866516,0.002278877,0.001390698
"Blackford, IN",2016,0.002033912,0.004323772,0.006739586,0.003556184,0.002285223
"Boone, IN",2016,0.031951035,0.093305142,0.062731703,0.050361025,0.033928422
"Brown, IN",2016,0.001847163,0.009435191,0.009832128,0.004832139,0.001377481
"Carroll, IN",2016,0.005150783,0.012126701,0.014883914,0.00780306,0.00430353
"Cass, IN",2016,0.014156186,0.024660968,0.034060207,0.022583322,0.014863664
"Clark, IN",2016,0.056490389,0.099376828,0.117198673,0.089668279,0.065107695
"Clay, IN",2016,0.007271013,0.015323704,0.021558016,0.012064803,0.006724861
"Clinton, IN",2016,0.015560063,0.020307186,0.02831767,0.017217283,0.011874888
"Crawford, IN",2016,0.000800691,0.002401657,0.004846883,0.001827427,0.000658459
"Daviess, IN",2016,0.011961901,0.022667119,0.028532078,0.021138411,0.011409394
"DeKalb, IN",2016,0.026829929,0.032915841,0.038573333,0.0345454,0.027954801
"Dearborn, IN",2016,0.018467548,0.042320013,0.046579298,0.024693244,0.015258911
"Decatur, IN",2016,0.014730569,0.017851147,0.021740738,0.020623434,0.016991102
"Delaware, IN",2016,0.042736056,0.081467768,0.114805333,0.07866587,0.053602985
"Dubois, IN",2016,0.029471226,0.042271642,0.039283096,0.045422106,0.034738115
"Elkhart, IN",2016,0.168230342,0.180178042,0.209321141,0.206296514,0.180148891
"Fayette, IN",2016,0.005167002,0.013952052,0.01858588,0.00929663,0.005807433
"Floyd, IN",2016,0.031235109,0.082662344,0.075822196,0.05199787,0.036945485
"Fountain, IN",2016,0.00392933,0.008442719,0.011105901,0.005989149,0.003391372
"Franklin, IN",2016,0.004348287,0.016470348,0.017804295,0.008515378,0.003333517
"Fulton, IN",2016,0.005744802,0.011964082,0.01529583,0.009896761,0.005838084
"Gibson, IN",2016,0.037338248,0.025557838,0.028794014,0.030514788,0.030373624
"Grant, IN",2016,0.035631155,0.049410978,0.065046885,0.044111008,0.031398873
"Greene, IN",2016,0.005903243,0.020661906,0.026872794,0.011666067,0.005374385
"Hamilton, IN",2016,0.205590561,0.477252812,0.330589336,0.265490553,0.224265901
"Hancock, IN",2016,0.027016482,0.071026307,0.072063194,0.042368735,0.029172303
"Harrison, IN",2016,0.010403632,0.029369492,0.035001278,0.018502699,0.01037241
"Hendricks, IN",2016,0.068588322,0.158725309,0.164633489,0.116928301,0.074782049
"Henry, IN",2016,0.011678735,0.032405873,0.045373122,0.020373379,0.01202897
"Howard, IN",2016,0.048403904,0.064433575,0.081364056,0.064365442,0.055210179
"Huntington, IN",2016,0.014716179,0.025583438,0.032236157,0.022495465,0.014656028
"Jackson, IN",2016,0.024056866,0.033231514,0.041583491,0.03191915,0.026082856
"Jasper, IN",2016,0.015109887,0.02554586,0.0286979,0.018898732,0.012664954
"Jay, IN",2016,0.008279135,0.011262538,0.015973908,0.01139709,0.006626754
"Jefferson, IN",2016,0.014767677,0.022564849,0.028443357,0.019623215,0.013621379
"Jennings, IN",2016,0.006082664,0.016999357,0.023017679,0.010917255,0.007034136
"Johnson, IN",2016,0.05588711,0.146157061,0.154895363,0.093869198,0.059514393
"Knox, IN",2016,0.019768303,0.028627694,0.033034641,0.027870966,0.019545805
"Kosciusko, IN",2016,0.053452439,0.069748261,0.077638853,0.063134092,0.05360384
"LaPorte, IN",2016,0.0447109,0.089275764,0.111964165,0.068993482,0.048102777
"Lagrange, IN",2016,0.017510856,0.026879517,0.035321305,0.027066736,0.015679767
"Lake, IN",2016,0.260473575,0.434921962,0.514725484,0.326453899,0.265760098
"Lawrence, IN",2016,0.013271202,0.032495968,0.041568704,0.022613059,0.014029844
"Madison, IN",2016,0.040617206,0.094603239,0.130665171,0.068771812,0.044707986
"Marion, IN",2016,1,1,1,1,1
"Marshall, IN",2016,0.017423169,0.034319455,0.042945984,0.03143526,0.020318437
"Martin, IN",2016,0.009398006,0.002965853,0.004316673,0.00891141,0.012990238
"Miami, IN",2016,0.009289385,0.020366964,0.032215033,0.015291185,0.009857521
"Monroe, IN",2016,0.071937586,0.117071697,0.142347755,0.116215982,0.081571431
"Montgomery, IN",2016,0.017049706,0.026976917,0.033862699,0.024870309,0.018472216
"Morgan, IN",2016,0.016523922,0.057411799,0.068025357,0.030589129,0.018385817
"Newton, IN",2016,0.00239057,0.006454047,0.008466467,0.003952217,0.002660131
"Noble, IN",2016,0.02071378,0.03303724,0.043563859,0.029507811,0.020030071
"Ohio, IN",2016,0,0,0,0,0
"Orange, IN",2016,0.005763483,0.00970473,0.014427637,0.011094321,0.006771977
"Owen, IN",2016,0.004170706,0.011809317,0.016116494,0.0069745,0.004439894
"Parke, IN",2016,0.00222249,0.007374324,0.011165048,0.004968655,0.001979566
"Perry, IN",2016,0.00770574,0.00987031,0.013818212,0.009029004,0.006642621
"Pike, IN",2016,0.007495284,0.005126599,0.006714238,0.003189888,0.003090928
"Porter, IN",2016,0.077475199,0.172332073,0.172274011,0.106713902,0.078736081
"Posey, IN",2016,0.016651535,0.019977232,0.020738408,0.013051506,0.012491928
"Pulaski, IN",2016,0.005128767,0.006332451,0.007129323,0.005726929,0.004117743
"Putnam, IN",2016,0.01119948,0.023480168,0.032474857,0.02196562,0.013546233
"Randolph, IN",2016,0.007087381,0.015401799,0.020370852,0.010671255,0.006401029
"Ripley, IN",2016,0.011228996,0.019066607,0.024098167,0.019300171,0.015191171
"Rush, IN",2016,0.004519771,0.010029704,0.011366781,0.007413785,0.004492935
"Scott, IN",2016,0.006180657,0.013549816,0.019127709,0.011149738,0.007371185
"Shelby, IN",2016,0.020378656,0.034102981,0.040580105,0.029582152,0.022269488
"Spencer, IN",2016,0.012807441,0.012964231,0.015127895,0.010441475,0.006716229
"St. Joseph, IN",2016,0.150150486,0.250760609,0.279745119,0.213208838,0.165281438
"Starke, IN",2016,0.003804834,0.011646435,0.018260572,0.007115071,0.003205072
"Steuben, IN",2016,0.014047207,0.024564489,0.029804794,0.025046024,0.015202109
"Sullivan, IN",2016,0.009754526,0.010017397,0.015748938,0.007920653,0.005470754
"Switzerland, IN",2016,0.001141072,0.001654638,0.004337797,0.001689559,0.001059745
"Tippecanoe, IN",2016,0.102849925,0.141883788,0.188755949,0.146473958,0.116771878
"Tipton, IN",2016,0.004250627,0.00929633,0.009844803,0.00602294,0.004174772
"Union, IN",2016,0.000141071,0.000649641,0.00128539,0.000324395,5.17E-05
"Vanderburgh, IN",2016,0.119307429,0.161842659,0.184077001,0.174074595,0.142720222
"Vermillion, IN",2016,0.008576288,0.007019582,0.010246157,0.005360633,0.004768141
"Vigo, IN",2016,0.050786007,0.07867197,0.107321128,0.079782331,0.058075781
"Wabash, IN",2016,0.011757921,0.021921394,0.027161135,0.019466424,0.011877452
"Warren, IN",2016,0.00135889,0.002328739,0.002504241,0.001404361,0.000861509
"Warrick, IN",2016,0.023221333,0.065421878,0.059734219,0.029761921,0.020746557
"Washington, IN",2016,0.005531459,0.016305821,0.023029297,0.01034686,0.00509334
"Wayne, IN",2016,0.028825318,0.050301683,0.064678272,0.04910129,0.03334303
"Wells, IN",2016,0.011048539,0.018896662,0.023200401,0.016873964,0.010841151
"White, IN",2016,0.009842983,0.016140811,0.019506883,0.014322054,0.009276971
"Whitley, IN",2016,0.013513866,0.025478909,0.029071794,0.019996269,0.013699004
"Adams, IN",2017,0.018077877,0.023368265,0.0309699,0.02524436,0.014374852
"Allen, IN",2017,0.232155777,0.345844982,0.386742894,0.318665939,0.250080969
"Bartholomew, IN",2017,0.070329016,0.081441012,0.078694266,0.078835859,0.076348229
"Benton, IN",2017,0.003238146,0.00214929,0.002857985,0.002403654,0.001471015
"Blackford, IN",2017,0.002049226,0.004290422,0.006666534,0.003515594,0.002297227
"Boone, IN",2017,0.033545566,0.094980368,0.064193453,0.052166618,0.034995628
"Brown, IN",2017,0.001733838,0.009610194,0.009847669,0.004691453,0.001156168
"Carroll, IN",2017,0.005568087,0.012355773,0.014941471,0.008148454,0.004514795
"Cass, IN",2017,0.014060637,0.025106555,0.033804803,0.022345327,0.014944413
"Clark, IN",2017,0.058399361,0.101178507,0.11771038,0.088363917,0.063626538
"Clay, IN",2017,0.007551262,0.015827834,0.021425446,0.011782566,0.006764434
"Clinton, IN",2017,0.015791793,0.020224686,0.028260899,0.016973393,0.011650392
"Crawford, IN",2017,0.000649743,0.002534526,0.004802129,0.001741817,0.000584206
"Daviess, IN",2017,0.012664564,0.023666657,0.028500114,0.020797933,0.011410922
"DeKalb, IN",2017,0.026597827,0.033888336,0.03847998,0.034494101,0.028530769
"Dearborn, IN",2017,0.018747508,0.043210168,0.046575506,0.024068501,0.014586941
"Decatur, IN",2017,0.0163602,0.018304528,0.021681448,0.020670093,0.017166454
"Delaware, IN",2017,0.043727041,0.082508177,0.11345278,0.077698618,0.053108587
"Dubois, IN",2017,0.029831758,0.043826667,0.03922805,0.044797188,0.03454486
"Elkhart, IN",2017,0.184437793,0.191269193,0.208731543,0.213492423,0.195749126
"Fayette, IN",2017,0.005039955,0.014203485,0.018428968,0.009047327,0.005537388
"Floyd, IN",2017,0.031358227,0.082335823,0.075763887,0.052708605,0.036101726
"Fountain, IN",2017,0.00352368,0.008526628,0.011040594,0.006056409,0.003420097
"Franklin, IN",2017,0.004715703,0.016802451,0.017646275,0.008108504,0.003213298
"Fulton, IN",2017,0.005962788,0.01209623,0.01513662,0.009935547,0.005707997
"Gibson, IN",2017,0.041581819,0.025963658,0.028619721,0.03011692,0.02954649
"Grant, IN",2017,0.025656516,0.048850415,0.064400143,0.043938264,0.029972686
"Greene, IN",2017,0.005736804,0.021094681,0.026548626,0.011668043,0.005544042
"Hamilton, IN",2017,0.21137026,0.495228242,0.336302183,0.271363891,0.227803541
"Hancock, IN",2017,0.029913389,0.073104021,0.072999279,0.043064692,0.030445135
"Harrison, IN",2017,0.011062941,0.029791211,0.034835105,0.018576717,0.010323506
"Hendricks, IN",2017,0.071907762,0.164346931,0.167164856,0.120580872,0.078261258
"Henry, IN",2017,0.012814894,0.032834386,0.045015365,0.020724692,0.012220335
"Howard, IN",2017,0.046642981,0.064864507,0.080853493,0.063545689,0.054229848
"Huntington, IN",2017,0.014759247,0.025974915,0.032016988,0.021877913,0.014446684
"Jackson, IN",2017,0.024350121,0.03319401,0.041511081,0.032017205,0.025633518
"Jasper, IN",2017,0.015688603,0.025050703,0.028513753,0.018805763,0.012686102
"Jay, IN",2017,0.009111404,0.011827216,0.015758788,0.011219272,0.006664294
"Jefferson, IN",2017,0.015167824,0.022634251,0.028145489,0.019460942,0.013142761
"Jennings, IN",2017,0.006324031,0.017436578,0.022910046,0.010899672,0.007095208
"Johnson, IN",2017,0.056777714,0.149341355,0.156446362,0.096289983,0.060805455
"Knox, IN",2017,0.020546612,0.028747376,0.032513254,0.027126002,0.018966961
"Kosciusko, IN",2017,0.057512475,0.072326079,0.077649276,0.063063627,0.052696654
"LaPorte, IN",2017,0.044667749,0.090314781,0.111127782,0.068113298,0.04725537
"Lagrange, IN",2017,0.020008923,0.029413055,0.035295698,0.027472235,0.017212733
"Lake, IN",2017,0.267681665,0.44044827,0.510850167,0.32429222,0.262177792
"Lawrence, IN",2017,0.012888592,0.033029877,0.041318031,0.023079074,0.014144273
"Madison, IN",2017,0.040492497,0.095773225,0.129987966,0.068885663,0.04468952
"Marion, IN",2017,1,1,1,1,1
"Marshall, IN",2017,0.017470819,0.035161755,0.042484726,0.030339308,0.019489616
"Martin, IN",2017,0.009845631,0.003129331,0.004285929,0.009036674,0.013157105
"Miami, IN",2017,0.009759829,0.020862084,0.031946693,0.01504248,0.009634959
"Monroe, IN",2017,0.075099133,0.121609382,0.141484956,0.11690681,0.082434616
"Montgomery, IN",2017,0.016773038,0.026209513,0.033736606,0.024521267,0.0182077
"Morgan, IN",2017,0.016903253,0.058207974,0.067914919,0.030692199,0.01794535
"Newton, IN",2017,0.002058749,0.0062934,0.008462742,0.003879138,0.002539588
"Noble, IN",2017,0.019818909,0.034174009,0.043209715,0.029336565,0.019723031
"Ohio, IN",2017,0,0,0,0,8.20E-05
"Orange, IN",2017,0.006212523,0.01037109,0.014326648,0.010970251,0.006628241
"Owen, IN",2017,0.004306319,0.012068745,0.015966527,0.007193651,0.004485751
"Parke, IN",2017,0.002329724,0.007634787,0.011017512,0.00496045,0.001942346
"Perry, IN",2017,0.00688629,0.010035937,0.013763234,0.008767678,0.006468186
"Pike, IN",2017,0.007681886,0.005410125,0.006618271,0.003468986,0.003782969
"Porter, IN",2017,0.079338515,0.178569012,0.17241079,0.105945881,0.078208515
"Posey, IN",2017,0.024693545,0.020536659,0.020558818,0.0129784,0.012278123
"Pulaski, IN",2017,0.005118177,0.006077633,0.007037946,0.005838016,0.00419403
"Putnam, IN",2017,0.011485473,0.023972152,0.032481778,0.022282739,0.013603537
"Randolph, IN",2017,0.007103193,0.014591606,0.020107668,0.010248489,0.005762649
"Ripley, IN",2017,0.011357032,0.019634057,0.024049463,0.019274509,0.01486759
"Rush, IN",2017,0.004968666,0.010506124,0.011351153,0.007373425,0.004360794
"Scott, IN",2017,0.006410413,0.013541422,0.019210613,0.011300503,0.007408419
"Shelby, IN",2017,0.020421273,0.034811235,0.040507009,0.029477721,0.021819514
"Spencer, IN",2017,0.012546271,0.013485506,0.014964553,0.01036168,0.006708146
"St. Joseph, IN",2017,0.151369037,0.257562665,0.278230735,0.211731963,0.162332808
"Starke, IN",2017,0.003630813,0.011613624,0.018124704,0.006875383,0.002997828
"Steuben, IN",2017,0.014385332,0.025578077,0.029656318,0.024890138,0.015352556
"Sullivan, IN",2017,0.009136963,0.010182228,0.015697935,0.007686366,0.005352407
"Switzerland, IN",2017,0.001139406,0.001835401,0.004281732,0.001821717,0.001020684
"Tippecanoe, IN",2017,0.107525328,0.1458917,0.187443541,0.146905212,0.116422732
"Tipton, IN",2017,0.004131022,0.009169773,0.009815144,0.006017791,0.004114016
"Union, IN",2017,9.08E-05,0.000708574,0.001347156,0.000332916,0
"Vanderburgh, IN",2017,0.123611177,0.164081016,0.18214095,0.174053853,0.143779362
"Vermillion, IN",2017,0.008610468,0.007312182,0.010134097,0.005347964,0.004754292
"Vigo, IN",2017,0.049390669,0.079939214,0.106352932,0.078963699,0.057248647
"Wabash, IN",2017,0.011402455,0.021927442,0.026850792,0.018992196,0.011601576
"Warren, IN",2017,0.001032863,0.00225077,0.002585197,0.001448851,0.000868837
"Warrick, IN",2017,0.023903211,0.067732077,0.059855065,0.029582923,0.02035019
"Washington, IN",2017,0.005820447,0.016904405,0.022977194,0.010581405,0.005074212
"Wayne, IN",2017,0.029439341,0.050803158,0.063917517,0.048876075,0.033394065
"Wells, IN",2017,0.010865198,0.019028018,0.023160802,0.016577889,0.010508978
"White, IN",2017,0.009212901,0.01581548,0.019539008,0.013859962,0.008678281
"Whitley, IN",2017,0.014356046,0.026006768,0.029173692,0.019831145,0.01383488
"Adams, IN",2018,0.017458749,0.023032176,0.030818117,0.025384955,0.014385668
"Allen, IN",2018,0.23190662,0.346070618,0.386822548,0.321466511,0.253675512
"Bartholomew, IN",2018,0.072030244,0.083036106,0.078317172,0.078779082,0.079822111
"Benton, IN",2018,0.003095675,0.00228967,0.002852375,0.002458559,0.001733007
"Blackford, IN",2018,0.002297094,0.004195156,0.006529808,0.003367043,0.002364407
"Boone, IN",2018,0.034305371,0.095877434,0.064976994,0.053044407,0.036815321
"Brown, IN",2018,0.001885173,0.009746065,0.010004614,0.004552937,0.001234872
"Carroll, IN",2018,0.005671927,0.012467684,0.014928987,0.00829731,0.004621327
"Cass, IN",2018,0.013507016,0.024605751,0.033565541,0.022542492,0.01475232
"Clark, IN",2018,0.057953101,0.098789296,0.117443025,0.087577307,0.063240588
"Clay, IN",2018,0.007110842,0.015094952,0.021263441,0.011794512,0.006693035
"Clinton, IN",2018,0.014946553,0.020428222,0.028026011,0.017000873,0.011856744
"Crawford, IN",2018,0.000690971,0.002468643,0.004786171,0.001618442,0.000666424
"Daviess, IN",2018,0.012979244,0.02354168,0.028393858,0.021217237,0.011863084
"DeKalb, IN",2018,0.026443885,0.033827143,0.038470171,0.034237084,0.029235074
"Dearborn, IN",2018,0.017991997,0.04298292,0.046127421,0.023926911,0.01489533
"Decatur, IN",2018,0.01650866,0.018022126,0.021507633,0.020780744,0.017460798
"Delaware, IN",2018,0.042522792,0.07959829,0.110988034,0.076488809,0.052024255
"Dubois, IN",2018,0.029472225,0.042414137,0.038995964,0.044426301,0.034041404
"Elkhart, IN",2018,0.17394383,0.187138587,0.2081527,0.215751083,0.191472926
"Fayette, IN",2018,0.004959693,0.013946563,0.018163756,0.00914926,0.005638346
"Floyd, IN",2018,0.031174458,0.081555034,0.076045663,0.053500621,0.03616548
"Fountain, IN",2018,0.003654312,0.008417688,0.010911762,0.006379107,0.003666658
"Franklin, IN",2018,0.004848825,0.016190601,0.017514309,0.007576833,0.003300476
"Fulton, IN",2018,0.006170613,0.012097086,0.01511395,0.010127424,0.005836342
"Gibson, IN",2018,0.037138886,0.025539587,0.028138236,0.030281038,0.029652313
"Grant, IN",2018,0.02542076,0.048518131,0.063618869,0.043793912,0.030567451
"Greene, IN",2018,0.005699041,0.020568285,0.026067277,0.011560488,0.005652361
"Hamilton, IN",2018,0.213039436,0.500021618,0.341298854,0.27598579,0.227573228
"Hancock, IN",2018,0.030628714,0.073815141,0.073891574,0.04420674,0.030366914
"Harrison, IN",2018,0.01124845,0.029406366,0.034853007,0.018405013,0.010302138
"Hendricks, IN",2018,0.073332484,0.165051295,0.169049707,0.12474757,0.081564916
"Henry, IN",2018,0.013339573,0.032266403,0.044684088,0.020736043,0.012664685
"Howard, IN",2018,0.044938684,0.064321299,0.080192777,0.061600719,0.052582722
"Huntington, IN",2018,0.014346494,0.025633552,0.031709679,0.021435483,0.014374822
"Jackson, IN",2018,0.024140147,0.033768615,0.041432692,0.032125615,0.02653883
"Jasper, IN",2018,0.015560179,0.024704021,0.02808628,0.018051348,0.012224471
"Jay, IN",2018,0.009109744,0.01139746,0.015431919,0.010813717,0.006467532
"Jefferson, IN",2018,0.015019729,0.022603051,0.028104984,0.01924513,0.01315889
"Jennings, IN",2018,0.006588471,0.017329121,0.022642349,0.011139772,0.007255012
"Johnson, IN",2018,0.058762111,0.148908295,0.15762566,0.099530902,0.064486227
"Knox, IN",2018,0.019329636,0.027639846,0.031674349,0.027175628,0.018912136
"Kosciusko, IN",2018,0.058518158,0.071301597,0.077362224,0.063863383,0.05327254
"LaPorte, IN",2018,0.045454539,0.088883591,0.110496531,0.067401342,0.047354411
"Lagrange, IN",2018,0.02011869,0.029206415,0.03516682,0.028063076,0.017554976
"Lake, IN",2018,0.270867222,0.437101114,0.507159513,0.322971886,0.261928131
"Lawrence, IN",2018,0.013468135,0.032727431,0.040956777,0.02320775,0.014623326
"Madison, IN",2018,0.040148331,0.093981168,0.128814077,0.068454447,0.045031186
"Marion, IN",2018,1,1,1,1,1
"Marshall, IN",2018,0.017045059,0.034042974,0.041924194,0.029481678,0.019126846
"Martin, IN",2018,0.009988168,0.00309772,0.004215696,0.009067746,0.013208455
"Miami, IN",2018,0.009270757,0.020131361,0.031421844,0.015059005,0.009548085
"Monroe, IN",2018,0.074773424,0.120168718,0.139820399,0.117611174,0.08166787
"Montgomery, IN",2018,0.016937782,0.025660439,0.033260041,0.024312129,0.018274606
"Morgan, IN",2018,0.017419235,0.057363705,0.067646484,0.029855063,0.016598682
"Newton, IN",2018,0.002252157,0.006363873,0.008294228,0.003844293,0.0025864
"Noble, IN",2018,0.019678722,0.033797026,0.043014228,0.029628928,0.020114524
"Ohio, IN",2018,0,0,0,0,0
"Orange, IN",2018,0.006447606,0.01004455,0.014354355,0.010678299,0.006505517
"Owen, IN",2018,0.004378978,0.012007691,0.015950438,0.007524244,0.004448715
"Parke, IN",2018,0.002331999,0.007408834,0.010877472,0.004848753,0.00179719
"Perry, IN",2018,0.006855443,0.009667901,0.013709064,0.008689101,0.006386112
"Pike, IN",2018,0.006007949,0.00526337,0.006608781,0.00280565,0.002692733
"Porter, IN",2018,0.083856558,0.177818703,0.172106788,0.107712514,0.079692567
"Posey, IN",2018,0.034740966,0.01994721,0.020299141,0.013180245,0.012945385
"Pulaski, IN",2018,0.005178224,0.005996159,0.006937142,0.005907116,0.004307252
"Putnam, IN",2018,0.011084244,0.023420341,0.032160656,0.022007394,0.013411586
"Randolph, IN",2018,0.006943966,0.01396025,0.019728666,0.009978859,0.005777635
"Ripley, IN",2018,0.01096208,0.019165581,0.023956831,0.018327443,0.0141489
"Rush, IN",2018,0.005392522,0.010217776,0.011228693,0.007384882,0.004557642
"Scott, IN",2018,0.006397064,0.01322011,0.019027262,0.011451365,0.007572074
"Shelby, IN",2018,0.020886031,0.034366885,0.040283429,0.029419885,0.021960414
"Spencer, IN",2018,0.011805694,0.013109757,0.014705577,0.010193161,0.006740216
"St. Joseph, IN",2018,0.152129991,0.25459282,0.276435124,0.211877866,0.162060839
"Starke, IN",2018,0.004093797,0.011288163,0.017973598,0.00669333,0.003143923
"Steuben, IN",2018,0.014347919,0.025684809,0.029469344,0.025057586,0.015817882
"Sullivan, IN",2018,0.008689078,0.010029238,0.01553687,0.007583407,0.005470659
"Switzerland, IN",2018,0.001317244,0.002056841,0.004191796,0.0019537,0.001215015
"Tippecanoe, IN",2018,0.109368949,0.146970256,0.187035775,0.149143843,0.122520536
"Tipton, IN",2018,0.005109292,0.009124604,0.00966794,0.007116675,0.006368324
"Union, IN",2018,0.000181751,0.000750193,0.001198101,0.000419401,8.91E-05
"Vanderburgh, IN",2018,0.119225179,0.159685492,0.180290869,0.173459916,0.140994318
"Vermillion, IN",2018,0.008181808,0.006832091,0.010027474,0.005193214,0.004537916
"Vigo, IN",2018,0.047969156,0.077037145,0.10504117,0.077682591,0.056088975
"Wabash, IN",2018,0.011177986,0.021533781,0.026389403,0.018698199,0.01174339
"Warren, IN",2018,0.001120661,0.002469679,0.002635199,0.0014541,0.001019952
"Warrick, IN",2018,0.024443268,0.066293882,0.059346022,0.029916856,0.021045459
"Washington, IN",2018,0.00596461,0.017137557,0.022904206,0.010538937,0.005133897
"Wayne, IN",2018,0.029083539,0.049814361,0.063174127,0.048927963,0.03346384
"Wells, IN",2018,0.011287846,0.018775853,0.022976944,0.016557806,0.010833805
"White, IN",2018,0.009289394,0.016068836,0.019373288,0.014003271,0.009039575
"Whitley, IN",2018,0.015736046,0.026142954,0.029188783,0.020235128,0.014448043
"Adams, IN",2019,0.01801096,0.022037723,0.030735962,0.02434278,0.014105811
"Allen, IN",2019,0.226070446,0.332905313,0.389055976,0.321043648,0.253215564
"Bartholomew, IN",2019,0.070976414,0.07924031,0.078624718,0.077914835,0.07833251
"Benton, IN",2019,0.003678399,0.002241051,0.002888761,0.002239806,0.001500768
"Blackford, IN",2019,0.002352464,0.00381533,0.00633647,0.003118569,0.00198511
"Boone, IN",2019,0.035484782,0.095767905,0.065722412,0.054859001,0.038274131
"Brown, IN",2019,0.001918695,0.009479855,0.009764549,0.004573208,0.001257857
"Carroll, IN",2019,0.005780731,0.011750325,0.014822981,0.008466545,0.004768674
"Cass, IN",2019,0.013520664,0.023662313,0.033093671,0.022149772,0.014512001
"Clark, IN",2019,0.056386983,0.09722481,0.117891618,0.086994955,0.063323749
"Clay, IN",2019,0.006848372,0.014033331,0.021218342,0.011612413,0.006554552
"Clinton, IN",2019,0.014650193,0.019227341,0.028126159,0.016842094,0.011614107
"Crawford, IN",2019,0.000656604,0.002309055,0.004724715,0.001522236,0.000637534
"Daviess, IN",2019,0.012586219,0.02261029,0.028316264,0.021258009,0.012035776
"DeKalb, IN",2019,0.026186782,0.032054967,0.038516813,0.033984476,0.028312882
"Dearborn, IN",2019,0.018503085,0.041787697,0.045937086,0.023937197,0.014799344
"Decatur, IN",2019,0.016468314,0.017700945,0.021122257,0.021410103,0.017097739
"Delaware, IN",2019,0.041972024,0.076845802,0.109788416,0.075507336,0.052386089
"Dubois, IN",2019,0.027931373,0.039774901,0.038860861,0.04367037,0.033581151
"Elkhart, IN",2019,0.163683657,0.173037412,0.207709768,0.207119022,0.174679357
"Fayette, IN",2019,0.004761482,0.01316121,0.018085752,0.008578341,0.005425351
"Floyd, IN",2019,0.03096647,0.077085821,0.076499475,0.052847986,0.036128653
"Fountain, IN",2019,0.003477406,0.007862022,0.010797726,0.006295636,0.003680844
"Franklin, IN",2019,0.004312854,0.015323886,0.01739249,0.007615081,0.003212584
"Fulton, IN",2019,0.005991912,0.0114663,0.01496246,0.009892586,0.005816236
"Gibson, IN",2019,0.033664879,0.024220011,0.027953619,0.030334229,0.029127167
"Grant, IN",2019,0.024419941,0.044334569,0.063059917,0.042694111,0.029715602
"Greene, IN",2019,0.005582482,0.019938157,0.025739522,0.011344625,0.005417975
"Hamilton, IN",2019,0.21588324,0.490577675,0.347433435,0.274801986,0.227636771
"Hancock, IN",2019,0.032752326,0.071656196,0.075201805,0.045413597,0.032051731
"Harrison, IN",2019,0.011075552,0.029042643,0.034818042,0.017921049,0.010025803
"Hendricks, IN",2019,0.07257206,0.159419183,0.171587858,0.125643636,0.083065658
"Henry, IN",2019,0.013200042,0.031026773,0.044294335,0.020610636,0.012391662
"Howard, IN",2019,0.043370813,0.060862842,0.08012799,0.0596597,0.051581739
"Huntington, IN",2019,0.014067622,0.024166256,0.031823897,0.02101102,0.013843708
"Jackson, IN",2019,0.024289273,0.031899252,0.04152439,0.032067056,0.027008459
"Jasper, IN",2019,0.015181443,0.023928928,0.028003211,0.017555764,0.011560717
"Jay, IN",2019,0.008039718,0.00985464,0.015029616,0.010404764,0.006048283
"Jefferson, IN",2019,0.015203172,0.022421223,0.028112728,0.019198896,0.012966098
"Jennings, IN",2019,0.006632869,0.016776668,0.022497414,0.011170432,0.00732714
"Johnson, IN",2019,0.058932811,0.145495077,0.158968642,0.100507889,0.064650149
"Knox, IN",2019,0.018145877,0.025940651,0.03143439,0.02649159,0.0184202
"Kosciusko, IN",2019,0.059441668,0.068230445,0.076967504,0.062918664,0.052706148
"LaPorte, IN",2019,0.042383031,0.08398899,0.11000125,0.066640408,0.046153102
"Lagrange, IN",2019,0.018275172,0.026474822,0.03533463,0.027001169,0.015889909
"Lake, IN",2019,0.239163105,0.417307805,0.506758523,0.319166527,0.256104953
"Lawrence, IN",2019,0.013006872,0.031692096,0.040365166,0.022862142,0.014609396
"Madison, IN",2019,0.039561102,0.090183638,0.127990916,0.067402176,0.043965249
"Marion, IN",2019,1,1,1,1,1
"Marshall, IN",2019,0.016278513,0.032090974,0.041527489,0.029022584,0.018615843
"Martin, IN",2019,0.010330724,0.00293041,0.004103776,0.009701494,0.013803013
"Miami, IN",2019,0.00900867,0.018937575,0.031099641,0.014480093,0.009055414
"Monroe, IN",2019,0.072889825,0.115725468,0.138889893,0.117518976,0.081688352
"Montgomery, IN",2019,0.016094252,0.02444087,0.033019282,0.02362651,0.017722252
"Morgan, IN",2019,0.018412383,0.055538075,0.067648253,0.028700197,0.016177428
"Newton, IN",2019,0.002234873,0.006081358,0.008196188,0.003719144,0.002437287
"Noble, IN",2019,0.019345394,0.031911524,0.042954306,0.029399568,0.019650309
"Ohio, IN",2019,0,0,0,0,0
"Orange, IN",2019,0.005651927,0.009413112,0.014352886,0.010798648,0.006321401
"Owen, IN",2019,0.004561513,0.011703138,0.015876821,0.007695678,0.00480164
"Parke, IN",2019,0.002582978,0.007254614,0.010648948,0.004821498,0.001829935
"Perry, IN",2019,0.006454025,0.008893848,0.01368442,0.00859914,0.006208275
"Pike, IN",2019,0.006485593,0.005021393,0.006522442,0.002824782,0.002636393
"Porter, IN",2019,0.078221191,0.170912925,0.17232038,0.106967318,0.078927845
"Posey, IN",2019,0.034991633,0.019854549,0.020015725,0.013184048,0.013015824
"Pulaski, IN",2019,0.005383281,0.005783499,0.006746641,0.00596935,0.004330596
"Putnam, IN",2019,0.01066689,0.022491335,0.031937547,0.021589495,0.013132613
"Randolph, IN",2019,0.00701285,0.013217676,0.019390653,0.009652096,0.005614948
"Ripley, IN",2019,0.010921732,0.01818855,0.02377752,0.018547623,0.013935408
"Rush, IN",2019,0.005254129,0.009671821,0.011109745,0.007257596,0.004494728
"Scott, IN",2019,0.006363957,0.012709498,0.019028008,0.011101535,0.007394554
"Shelby, IN",2019,0.020185481,0.032765689,0.040281479,0.028667699,0.021535966
"Spencer, IN",2019,0.010393646,0.012711456,0.014434506,0.01001608,0.006827795
"St. Joseph, IN",2019,0.152403989,0.238229182,0.27569897,0.210657473,0.161229244
"Starke, IN",2019,0.004412445,0.010594103,0.017929742,0.006163042,0.00292918
"Steuben, IN",2019,0.014428281,0.024617722,0.029423829,0.025135747,0.015703774
"Sullivan, IN",2019,0.008607718,0.009514488,0.015362299,0.007794473,0.006081626
"Switzerland, IN",2019,0.001360104,0.001948782,0.004092411,0.001857622,0.000962837
"Tippecanoe, IN",2019,0.106854355,0.138774106,0.186136014,0.149480737,0.118299791
"Tipton, IN",2019,0.004882872,0.008494989,0.009629203,0.007317393,0.005710561
"Union, IN",2019,0.000250532,0.000637843,0.00120675,0.000540777,0.000121957
"Vanderburgh, IN",2019,0.119496318,0.155397826,0.179410036,0.170833642,0.141920445
"Vermillion, IN",2019,0.007548412,0.006445698,0.009928824,0.005090587,0.004916623
"Vigo, IN",2019,0.04722219,0.073044043,0.103856951,0.075949318,0.054751747
"Wabash, IN",2019,0.011061708,0.020341834,0.026028811,0.018538523,0.011443
"Warren, IN",2019,0.00112058,0.002175682,0.002603604,0.001533936,0.001062565
"Warrick, IN",2019,0.023191528,0.065339524,0.059470662,0.029915647,0.02105712
"Washington, IN",2019,0.005394688,0.016124954,0.022872457,0.010354066,0.005057648
"Wayne, IN",2019,0.028469832,0.047579026,0.062654912,0.048062886,0.032485217
"Wells, IN",2019,0.010499288,0.017876499,0.022970609,0.016280518,0.010660427
"White, IN",2019,0.00896553,0.015446813,0.019309032,0.013779423,0.008976961
"Whitley, IN",2019,0.015282733,0.025208905,0.028810122,0.020182954,0.01466123
"Adams, IN",2020,0.017035275,0.02122265,0.030833133,0.024997176,0.014068992
"Allen, IN",2020,0.217809084,0.327742186,0.391631272,0.32603041,0.254404073
"Bartholomew, IN",2020,0.067472272,0.073944613,0.07859616,0.077061808,0.073719942
"Benton, IN",2020,0.003998133,0.002038675,0.002878309,0.002597038,0.001558865
"Blackford, IN",2020,0.002156548,0.003192355,0.006375752,0.003146935,0.001997417
"Boone, IN",2020,0.039433332,0.089981869,0.067179762,0.062937348,0.045062933
"Brown, IN",2020,0.001669886,0.008949748,0.009848472,0.004714959,0.001308757
"Carroll, IN",2020,0.006193151,0.011386996,0.014843789,0.009114135,0.005342227
"Cass, IN",2020,0.014063904,0.022874156,0.032830642,0.022435527,0.014866936
"Clark, IN",2020,0.056289202,0.09676111,0.118914113,0.090809233,0.065764322
"Clay, IN",2020,0.006854716,0.013600695,0.021115494,0.012115429,0.006497156
"Clinton, IN",2020,0.014879829,0.018684429,0.028074325,0.017421119,0.012014153
"Crawford, IN",2020,0.000621355,0.001883983,0.004741895,0.001931445,0.000866632
"Daviess, IN",2020,0.013579096,0.022764015,0.028272119,0.022421915,0.013007167
"DeKalb, IN",2020,0.024765597,0.030999544,0.038502785,0.034043254,0.027644715
"Dearborn, IN",2020,0.01930826,0.040324385,0.046184799,0.02443639,0.015281219
"Decatur, IN",2020,0.015559609,0.016595939,0.021162882,0.021154702,0.016686108
"Delaware, IN",2020,0.04220901,0.075102198,0.109034736,0.076347214,0.053052004
"Dubois, IN",2020,0.027543902,0.038479329,0.038859226,0.044639661,0.032883488
"Elkhart, IN",2020,0.162078001,0.17062885,0.207127986,0.20651628,0.17713373
"Fayette, IN",2020,0.004637857,0.012632618,0.017966249,0.008754796,0.00558767
"Floyd, IN",2020,0.0300957,0.073531573,0.076837652,0.053235205,0.036045537
"Fountain, IN",2020,0.003501159,0.00776378,0.010879677,0.006434067,0.003597251
"Franklin, IN",2020,0.004315229,0.014997448,0.01738008,0.008365513,0.003636359
"Fulton, IN",2020,0.005974329,0.01107424,0.014985954,0.010298319,0.005895745
"Gibson, IN",2020,0.033438975,0.023663511,0.027951734,0.03122299,0.028199176
"Grant, IN",2020,0.024079451,0.043482492,0.062380178,0.044080236,0.029548108
"Greene, IN",2020,0.005333791,0.019286633,0.025632811,0.011976594,0.00558824
"Hamilton, IN",2020,0.216383508,0.477808507,0.353395302,0.288970889,0.235847997
"Hancock, IN",2020,0.033888333,0.071256637,0.076505935,0.047394591,0.03248603
"Harrison, IN",2020,0.010993188,0.028131968,0.034758099,0.018289521,0.010172648
"Hendricks, IN",2020,0.078109359,0.155845559,0.174772254,0.134786023,0.0890194
"Henry, IN",2020,0.013506908,0.03056311,0.044277945,0.021395622,0.012578218
"Howard, IN",2020,0.041719576,0.057965189,0.08000956,0.059993222,0.0469531
"Huntington, IN",2020,0.013986853,0.023401688,0.031651092,0.021715488,0.013829529
"Jackson, IN",2020,0.025126694,0.030161888,0.041762258,0.033295993,0.026879203
"Jasper, IN",2020,0.01414827,0.023748967,0.027783816,0.018426995,0.011808265
"Jay, IN",2020,0.007910139,0.009829496,0.014993165,0.010574629,0.006039671
"Jefferson, IN",2020,0.01463486,0.021679846,0.027998092,0.019522706,0.01296389
"Jennings, IN",2020,0.006352044,0.016124621,0.022312557,0.011617255,0.007512081
"Johnson, IN",2020,0.060750055,0.14108377,0.16101839,0.105770788,0.067557413
"Knox, IN",2020,0.018277336,0.025725252,0.031241083,0.027173625,0.018684591
"Kosciusko, IN",2020,0.061112677,0.066775003,0.07647297,0.063443689,0.051632028
"LaPorte, IN",2020,0.040697419,0.081853969,0.109563216,0.067558389,0.046132525
"Lagrange, IN",2020,0.016469398,0.026067835,0.035652291,0.027316543,0.015764958
"Lake, IN",2020,0.222945441,0.405019948,0.507886504,0.321251479,0.247725694
"Lawrence, IN",2020,0.01254778,0.031149058,0.040269535,0.023502654,0.014731348
"Madison, IN",2020,0.039506025,0.089486761,0.128022919,0.069329221,0.044814215
"Marion, IN",2020,1,1,1,1,1
"Marshall, IN",2020,0.015973917,0.031775877,0.041365641,0.029593716,0.018802139
"Martin, IN",2020,0.010884941,0.002567222,0.003998109,0.01067263,0.014334386
"Miami, IN",2020,0.008780007,0.017937528,0.030895974,0.014875804,0.009165416
"Monroe, IN",2020,0.072553275,0.111436084,0.137681839,0.119643438,0.085036006
"Montgomery, IN",2020,0.01587143,0.024057749,0.032986199,0.024614698,0.017821434
"Morgan, IN",2020,0.019059871,0.05378673,0.067915307,0.030119113,0.016783555
"Newton, IN",2020,0.002393657,0.005818939,0.008101295,0.004106533,0.002536468
"Noble, IN",2020,0.018735347,0.030856738,0.042784192,0.028737564,0.018452176
"Ohio, IN",2020,0,0,0,0,0
"Orange, IN",2020,0.004989889,0.00881728,0.014346215,0.010620907,0.00604786
"Owen, IN",2020,0.004503443,0.011255732,0.015856451,0.008274317,0.004967846
"Parke, IN",2020,0.00287797,0.007071029,0.010541779,0.005259411,0.002063523
"Perry, IN",2020,0.00585305,0.008038745,0.013628183,0.008920854,0.005962001
"Pike, IN",2020,0.005552541,0.004371098,0.006515856,0.003370161,0.003166466
"Porter, IN",2020,0.070499235,0.162631956,0.172423455,0.10724081,0.075106295
"Posey, IN",2020,0.027840064,0.01901738,0.019831896,0.013795065,0.013055159
"Pulaski, IN",2020,0.005614664,0.005543493,0.006800184,0.006259843,0.004502593
"Putnam, IN",2020,0.010467799,0.021776552,0.031685088,0.021373844,0.01305496
"Randolph, IN",2020,0.006882975,0.013157174,0.019044842,0.010330986,0.006106125
"Ripley, IN",2020,0.011127582,0.017904088,0.02374141,0.018956475,0.014723655
"Rush, IN",2020,0.004847407,0.009057772,0.011172246,0.00746036,0.004298616
"Scott, IN",2020,0.006223883,0.012219802,0.019005696,0.011432141,0.00757727
"Shelby, IN",2020,0.019279342,0.031529347,0.040316923,0.028853261,0.020703324
"Spencer, IN",2020,0.008046377,0.011727566,0.014332823,0.010114566,0.006626814
"St. Joseph, IN",2020,0.146011342,0.229847745,0.274799142,0.207441849,0.158537156
"Starke, IN",2020,0.004341974,0.010264949,0.017984793,0.006567458,0.003068324
"Steuben, IN",2020,0.013944119,0.023575852,0.029391919,0.025189095,0.01557716
"Sullivan, IN",2020,0.007351618,0.008952276,0.015346515,0.007957173,0.005705118
"Switzerland, IN",2020,0.001089535,0.001473661,0.003935268,0.001819832,0.000773229
"Tippecanoe, IN",2020,0.103057133,0.131304674,0.185891961,0.149411379,0.115611099
"Tipton, IN",2020,0.005172302,0.007930376,0.009749575,0.007548834,0.005514937
"Union, IN",2020,0.000251635,0.000319602,0.001193973,0.000722761,0.000168145
"Vanderburgh, IN",2020,0.116676007,0.15201892,0.179671766,0.170069268,0.137842046
"Vermillion, IN",2020,0.008009938,0.006217392,0.009773269,0.005610583,0.004750096
"Vigo, IN",2020,0.047141535,0.072005053,0.10322043,0.075840873,0.054663179
"Wabash, IN",2020,0.011072371,0.019592044,0.025768794,0.018706027,0.011542226
"Warren, IN",2020,0.001177558,0.001998492,0.002577497,0.001759943,0.001105375
"Warrick, IN",2020,0.023526565,0.062833493,0.059826374,0.031802832,0.021730929
"Washington, IN",2020,0.005347555,0.015770513,0.022993503,0.010552851,0.004961766
"Wayne, IN",2020,0.02808833,0.046787998,0.062419324,0.04830791,0.032135298
"Wells, IN",2020,0.010154505,0.017253428,0.02291624,0.016922945,0.010758848
"White, IN",2020,0.009809696,0.015020756,0.019311658,0.014595411,0.009421529
"Whitley, IN",2020,0.014655197,0.024355419,0.029273449,0.021184647,0.014964483
"Adams, IN",2021,0.017754791,0.021595094,0.031012111,0.024675512,0.014089136
"Allen, IN",2021,0.220199653,0.333634187,0.39674625,0.325030094,0.255096441
"Bartholomew, IN",2021,0.067539981,0.072325042,0.079467305,0.075143926,0.072786795
"Benton, IN",2021,0.004230161,0.002333265,0.002818812,0.002410111,0.00139467
"Blackford, IN",2021,0.002322732,0.003254636,0.006279675,0.003026378,0.001988256
"Boone, IN",2021,0.041399291,0.092640021,0.069397456,0.065464228,0.047819503
"Brown, IN",2021,0.001716979,0.008964802,0.009921763,0.004906579,0.001348677
"Carroll, IN",2021,0.006611918,0.011189606,0.01502607,0.008804365,0.004929418
"Cass, IN",2021,0.014391998,0.022806474,0.03271044,0.021762966,0.014587149
"Clark, IN",2021,0.057578775,0.094878394,0.121011127,0.09096797,0.066307389
"Clay, IN",2021,0.006929904,0.013507602,0.021102775,0.011562516,0.006313854
"Clinton, IN",2021,0.014844894,0.018513536,0.02799447,0.01716125,0.011704973
"Crawford, IN",2021,0.00055197,0.001819254,0.004659014,0.001869734,0.000772361
"Daviess, IN",2021,0.013465089,0.023047992,0.028363132,0.021683153,0.012366122
"DeKalb, IN",2021,0.026853023,0.03155044,0.03870637,0.033981002,0.028841584
"Dearborn, IN",2021,0.019192199,0.040024766,0.046552858,0.024141676,0.014898222
"Decatur, IN",2021,0.015431763,0.01643369,0.021053068,0.021085204,0.015929179
"Delaware, IN",2021,0.041565777,0.073761548,0.109758661,0.073736065,0.051555516
"Dubois, IN",2021,0.026835058,0.037802566,0.038971475,0.042861255,0.031351492
"Elkhart, IN",2021,0.182785402,0.17737455,0.208225505,0.216355262,0.209172633
"Fayette, IN",2021,0.004728959,0.01228231,0.018002289,0.008623803,0.005426694
"Floyd, IN",2021,0.030563736,0.069887434,0.077267761,0.053081331,0.0368733
"Fountain, IN",2021,0.003840321,0.007842433,0.010846524,0.006552572,0.003719387
"Franklin, IN",2021,0.004414555,0.014910107,0.01746483,0.008188099,0.003409831
"Fulton, IN",2021,0.006348823,0.010815717,0.014899731,0.009933532,0.005690188
"Gibson, IN",2021,0.032809313,0.022740078,0.027920945,0.030361909,0.02830657
"Grant, IN",2021,0.0241222,0.043508006,0.062352496,0.042795834,0.029079897
"Greene, IN",2021,0.005544244,0.01918099,0.025717259,0.011743078,0.005583577
"Hamilton, IN",2021,0.221621989,0.496233809,0.363833874,0.294950803,0.245073756
"Hancock, IN",2021,0.035534931,0.070452338,0.078561184,0.047156801,0.03246473
"Harrison, IN",2021,0.011281107,0.027805795,0.035028038,0.018018266,0.010347373
"Hendricks, IN",2021,0.084119257,0.156725657,0.179736034,0.136869995,0.092981643
"Henry, IN",2021,0.014060936,0.030262744,0.044574926,0.02104726,0.01261253
"Howard, IN",2021,0.041586455,0.056835137,0.080411741,0.056952949,0.044145051
"Huntington, IN",2021,0.014622171,0.023850234,0.031895449,0.021588946,0.013853468
"Jackson, IN",2021,0.026437453,0.029888434,0.041726082,0.033844926,0.026709301
"Jasper, IN",2021,0.015046165,0.0240291,0.0280856,0.017999948,0.011307087
"Jay, IN",2021,0.008927448,0.010480946,0.014826206,0.01036662,0.005937585
"Jefferson, IN",2021,0.015860657,0.021011614,0.028091813,0.019482389,0.013007311
"Jennings, IN",2021,0.006380399,0.015936102,0.022280214,0.011520647,0.007126206
"Johnson, IN",2021,0.062485089,0.141395511,0.164060663,0.108058565,0.068752884
"Knox, IN",2021,0.01859297,0.025203889,0.031038,0.026736275,0.018207996
"Kosciusko, IN",2021,0.06163457,0.065852391,0.076974696,0.061103261,0.048865269
"LaPorte, IN",2021,0.041899857,0.081234881,0.110281622,0.066734705,0.046414485
"Lagrange, IN",2021,0.018236025,0.028397136,0.035774681,0.028518344,0.018799512
"Lake, IN",2021,0.232535654,0.403657143,0.510881215,0.321463338,0.253472267
"Lawrence, IN",2021,0.013925138,0.031229596,0.04044198,0.023327838,0.014389149
"Madison, IN",2021,0.03948426,0.089151493,0.129432354,0.068846496,0.043804127
"Marion, IN",2021,1,1,1,1,1
"Marshall, IN",2021,0.016326953,0.032094647,0.04161217,0.029540221,0.019132456
"Martin, IN",2021,0.010499241,0.002630979,0.003942402,0.010558957,0.013360469
"Miami, IN",2021,0.009129579,0.017932505,0.031108419,0.014514314,0.008955509
"Monroe, IN",2021,0.07177955,0.110192039,0.138914001,0.117910975,0.085805765
"Montgomery, IN",2021,0.017229249,0.024275671,0.033209583,0.023992516,0.017516399
"Morgan, IN",2021,0.017319594,0.053930962,0.068624923,0.029956299,0.016729941
"Newton, IN",2021,0.00275153,0.006010266,0.008078455,0.00412676,0.002407114
"Noble, IN",2021,0.019057414,0.031092312,0.042900415,0.028134977,0.017983159
"Ohio, IN",2021,0,0,0,0,0
"Orange, IN",2021,0.005532592,0.008619487,0.014311529,0.010579892,0.006165135
"Owen, IN",2021,0.004662541,0.011305616,0.015989147,0.008254828,0.005372997
"Parke, IN",2021,0.003096059,0.00741865,0.010867235,0.005348825,0.002107171
"Perry, IN",2021,0.006804565,0.008164806,0.013798924,0.008519129,0.006048612
"Pike, IN",2021,0.006703915,0.003978457,0.006406015,0.00289161,0.002288636
"Porter, IN",2021,0.075057099,0.161660875,0.17451885,0.106534254,0.077499056
"Posey, IN",2021,0.034877851,0.017896336,0.019817637,0.013387764,0.01210863
"Pulaski, IN",2021,0.006127981,0.005436736,0.006604843,0.006020045,0.004115042
"Putnam, IN",2021,0.010284006,0.02186152,0.032127416,0.0205252,0.012485221
"Randolph, IN",2021,0.00787476,0.014390667,0.019101025,0.011167373,0.006974475
"Ripley, IN",2021,0.011101354,0.017964385,0.023843919,0.018094154,0.014458253
"Rush, IN",2021,0.005618524,0.009299714,0.011087811,0.007430523,0.004282526
"Scott, IN",2021,0.00624888,0.01188214,0.019101025,0.01103784,0.007489873
"Shelby, IN",2021,0.019812164,0.031233947,0.040421268,0.02808264,0.019897688
"Spencer, IN",2021,0.009337832,0.011669133,0.01437677,0.010286806,0.006617569
"St. Joseph, IN",2021,0.149058587,0.230023665,0.27582211,0.202591982,0.159880549
"Starke, IN",2021,0.004120112,0.010298899,0.01800436,0.006434814,0.002967562
"Steuben, IN",2021,0.014603966,0.023998202,0.029693835,0.025308787,0.016256788
"Sullivan, IN",2021,0.008808546,0.009041788,0.015314993,0.00766473,0.00542014
"Switzerland, IN",2021,0.000993605,0.001394768,0.00399418,0.001643377,0.000710937
"Tippecanoe, IN",2021,0.101675547,0.130304305,0.188031958,0.149633642,0.113294027
"Tipton, IN",2021,0.005413184,0.007408419,0.009735361,0.007461925,0.00518822
"Union, IN",2021,0.00032087,0.000344645,0.001058349,0.000779819,0.000132989
"Vanderburgh, IN",2021,0.116645016,0.150747677,0.180473357,0.168532475,0.136353528
"Vermillion, IN",2021,0.008582051,0.006058912,0.009784033,0.005505836,0.004950598
"Vigo, IN",2021,0.047375362,0.070782961,0.103651925,0.074124666,0.053528548
"Wabash, IN",2021,0.012165637,0.019938641,0.025790784,0.018595279,0.011738961
"Warren, IN",2021,0.002098404,0.001999117,0.002554743,0.001783378,0.001116803
"Warrick, IN",2021,0.025578415,0.061893788,0.060716301,0.031398179,0.020679224
"Washington, IN",2021,0.005751179,0.016008097,0.022947119,0.010676715,0.005090807
"Wayne, IN",2021,0.028262256,0.045907776,0.062649704,0.046849322,0.031368211
"Wells, IN",2021,0.01088929,0.017362844,0.022974044,0.016428534,0.010785227
"White, IN",2021,0.010459097,0.015021328,0.019334027,0.014312817,0.009251498
"Whitley, IN",2021,0.017505335,0.023988875,0.029513646,0.021104831,0.015790648
